hangul	donor_sjis_hex	glyph_index	source
가	8248	196	event_font_hangul_mapping.tsv
각	81D5	148	event_font_hangul_mapping.tsv
간	81D4	147	event_font_hangul_mapping.tsv
갈	81D2	145	event_font_hangul_mapping.tsv
감	81D1	144	event_font_hangul_mapping.tsv
갑	81D0	143	event_font_hangul_mapping.tsv
갔	81C4	131	event_font_hangul_mapping.tsv
강	81C3	130	event_font_hangul_mapping.tsv
갖	81C2	129	event_font_hangul_mapping.tsv
같	81AE	109	event_font_hangul_mapping.tsv
갚	986B	3421	event_font_hangul_mapping.tsv
개	9869	3419	event_font_hangul_mapping.tsv
거	9864	3414	event_font_hangul_mapping.tsv
걱	985F	3409	event_font_hangul_mapping.tsv
건	985B	3405	event_font_hangul_mapping.tsv
걸	985A	3404	event_font_hangul_mapping.tsv
겁	9855	3399	event_font_hangul_mapping.tsv
것	9854	3398	event_font_hangul_mapping.tsv
게	9851	3395	event_font_hangul_mapping.tsv
겐	984F	3393	event_font_hangul_mapping.tsv
겠	984B	3389	event_font_hangul_mapping.tsv
겨	984A	3388	event_font_hangul_mapping.tsv
격	9848	3386	event_font_hangul_mapping.tsv
겪	9846	3384	event_font_hangul_mapping.tsv
견	9844	3382	event_font_hangul_mapping.tsv
결	97FB	3376	event_font_hangul_mapping.tsv
경	97F8	3373	event_font_hangul_mapping.tsv
계	97F7	3372	event_font_hangul_mapping.tsv
고	97F5	3370	event_font_hangul_mapping.tsv
곤	97F4	3369	event_font_hangul_mapping.tsv
곧	97EF	3364	event_font_hangul_mapping.tsv
골	97EC	3361	event_font_hangul_mapping.tsv
곳	97EA	3359	event_font_hangul_mapping.tsv
공	97E9	3358	event_font_hangul_mapping.tsv
과	97E6	3355	event_font_hangul_mapping.tsv
관	97E0	3349	event_font_hangul_mapping.tsv
괜	97DB	3344	event_font_hangul_mapping.tsv
괴	97DA	3343	event_font_hangul_mapping.tsv
굉	97D7	3340	event_font_hangul_mapping.tsv
교	97D6	3339	event_font_hangul_mapping.tsv
구	97D5	3338	event_font_hangul_mapping.tsv
국	97D2	3335	event_font_hangul_mapping.tsv
군	97D1	3334	event_font_hangul_mapping.tsv
굳	97D0	3333	event_font_hangul_mapping.tsv
굴	97CF	3332	event_font_hangul_mapping.tsv
귀	97CC	3329	event_font_hangul_mapping.tsv
그	97CB	3328	event_font_hangul_mapping.tsv
극	97C6	3323	event_font_hangul_mapping.tsv
근	97C4	3321	event_font_hangul_mapping.tsv
글	89C0	685	event_font_hangul_mapping.tsv
금	97C3	3320	event_font_hangul_mapping.tsv
급	97BE	3315	event_font_hangul_mapping.tsv
긋	97B9	3310	event_font_hangul_mapping.tsv
긍	97B8	3309	event_font_hangul_mapping.tsv
기	97B5	3306	event_font_hangul_mapping.tsv
긴	97B2	3303	event_font_hangul_mapping.tsv
길	97AE	3299	event_font_hangul_mapping.tsv
김	97AC	3297	event_font_hangul_mapping.tsv
까	97A9	3294	event_font_hangul_mapping.tsv
깐	97A8	3293	event_font_hangul_mapping.tsv
깜	97A7	3292	event_font_hangul_mapping.tsv
깝	979D	3282	event_font_hangul_mapping.tsv
깨	9790	3269	event_font_hangul_mapping.tsv
껄	978B	3264	event_font_hangul_mapping.tsv
껏	9788	3261	event_font_hangul_mapping.tsv
께	9784	3257	event_font_hangul_mapping.tsv
껴	977B	3249	event_font_hangul_mapping.tsv
꼬	977A	3248	event_font_hangul_mapping.tsv
꼭	9779	3247	event_font_hangul_mapping.tsv
꼴	976A	3232	event_font_hangul_mapping.tsv
꽃	9764	3226	event_font_hangul_mapping.tsv
꽤	975C	3218	event_font_hangul_mapping.tsv
꾸	9756	3212	event_font_hangul_mapping.tsv
뀌	9751	3207	event_font_hangul_mapping.tsv
끄	974F	3205	event_font_hangul_mapping.tsv
끈	974C	3202	event_font_hangul_mapping.tsv
끌	974B	3201	event_font_hangul_mapping.tsv
끝	9748	3198	event_font_hangul_mapping.tsv
끼	96FB	3188	event_font_hangul_mapping.tsv
낌	96F4	3181	event_font_hangul_mapping.tsv
나	89BF	684	event_font_hangul_mapping.tsv
난	96F1	3178	event_font_hangul_mapping.tsv
날	96F0	3177	event_font_hangul_mapping.tsv
남	96EF	3176	event_font_hangul_mapping.tsv
납	96EE	3175	event_font_hangul_mapping.tsv
낫	96EB	3172	event_font_hangul_mapping.tsv
났	96EA	3171	event_font_hangul_mapping.tsv
내	96E8	3169	event_font_hangul_mapping.tsv
낸	96E0	3161	event_font_hangul_mapping.tsv
낼	96DF	3160	event_font_hangul_mapping.tsv
냄	96DE	3159	event_font_hangul_mapping.tsv
냈	96DD	3158	event_font_hangul_mapping.tsv
냉	96D9	3154	event_font_hangul_mapping.tsv
냐	96D7	3152	event_font_hangul_mapping.tsv
냥	96D6	3151	event_font_hangul_mapping.tsv
너	96D5	3150	event_font_hangul_mapping.tsv
넌	96D4	3149	event_font_hangul_mapping.tsv
널	96CF	3144	event_font_hangul_mapping.tsv
넘	96CB	3140	event_font_hangul_mapping.tsv
넣	96C9	3138	event_font_hangul_mapping.tsv
네	96C8	3137	event_font_hangul_mapping.tsv
녀	96C5	3134	event_font_hangul_mapping.tsv
녁	96C4	3133	event_font_hangul_mapping.tsv
년	96BC	3125	event_font_hangul_mapping.tsv
념	96BA	3123	event_font_hangul_mapping.tsv
녔	96B8	3121	event_font_hangul_mapping.tsv
녕	96B6	3119	event_font_hangul_mapping.tsv
노	96AE	3111	event_font_hangul_mapping.tsv
녹	96AA	3107	event_font_hangul_mapping.tsv
놀	96A6	3103	event_font_hangul_mapping.tsv
놈	96A0	3097	event_font_hangul_mapping.tsv
농	969F	3096	event_font_hangul_mapping.tsv
높	969C	3093	event_font_hangul_mapping.tsv
놓	968F	3080	event_font_hangul_mapping.tsv
놔	9688	3073	event_font_hangul_mapping.tsv
뇌	9682	3067	event_font_hangul_mapping.tsv
뇨	966C	3046	event_font_hangul_mapping.tsv
누	9668	3042	event_font_hangul_mapping.tsv
눈	9665	3039	event_font_hangul_mapping.tsv
눕	9663	3037	event_font_hangul_mapping.tsv
느	965E	3032	event_font_hangul_mapping.tsv
는	965A	3028	event_font_hangul_mapping.tsv
늘	9659	3027	event_font_hangul_mapping.tsv
늙	9657	3025	event_font_hangul_mapping.tsv
능	9655	3023	event_font_hangul_mapping.tsv
늦	9650	3018	event_font_hangul_mapping.tsv
니	964F	3017	event_font_hangul_mapping.tsv
닌	964C	3014	event_font_hangul_mapping.tsv
닐	9649	3011	event_font_hangul_mapping.tsv
님	95FC	3001	event_font_hangul_mapping.tsv
닙	95FA	2999	event_font_hangul_mapping.tsv
다	81EF	174	event_font_hangul_mapping.tsv
닥	95F4	2993	event_font_hangul_mapping.tsv
단	95EF	2988	event_font_hangul_mapping.tsv
닫	95EB	2984	event_font_hangul_mapping.tsv
달	95EA	2983	event_font_hangul_mapping.tsv
담	95E9	2982	event_font_hangul_mapping.tsv
답	95E3	2976	event_font_hangul_mapping.tsv
당	95DE	2971	event_font_hangul_mapping.tsv
닿	95DC	2969	event_font_hangul_mapping.tsv
대	95DB	2968	event_font_hangul_mapping.tsv
더	95DA	2967	event_font_hangul_mapping.tsv
덕	95D8	2965	event_font_hangul_mapping.tsv
던	95D6	2963	event_font_hangul_mapping.tsv
덟	95D1	2958	event_font_hangul_mapping.tsv
덤	95CF	2956	event_font_hangul_mapping.tsv
데	95CE	2955	event_font_hangul_mapping.tsv
도	95CB	2952	event_font_hangul_mapping.tsv
독	95CA	2951	event_font_hangul_mapping.tsv
돌	95C9	2950	event_font_hangul_mapping.tsv
돕	95C8	2949	event_font_hangul_mapping.tsv
동	95C6	2947	event_font_hangul_mapping.tsv
돼	95C5	2946	event_font_hangul_mapping.tsv
됐	95B5	2930	event_font_hangul_mapping.tsv
되	95B4	2929	event_font_hangul_mapping.tsv
된	95B2	2927	event_font_hangul_mapping.tsv
될	95B1	2926	event_font_hangul_mapping.tsv
됩	95AF	2924	event_font_hangul_mapping.tsv
두	95AD	2922	event_font_hangul_mapping.tsv
둑	95AC	2921	event_font_hangul_mapping.tsv
둔	95AB	2920	event_font_hangul_mapping.tsv
둘	95A5	2914	event_font_hangul_mapping.tsv
둡	95A4	2913	event_font_hangul_mapping.tsv
뒤	95A3	2912	event_font_hangul_mapping.tsv
뒷	959B	2904	event_font_hangul_mapping.tsv
드	958F	2892	event_font_hangul_mapping.tsv
득	958B	2888	event_font_hangul_mapping.tsv
든	958A	2887	event_font_hangul_mapping.tsv
듣	9585	2882	event_font_hangul_mapping.tsv
들	9584	2881	event_font_hangul_mapping.tsv
디	9583	2880	event_font_hangul_mapping.tsv
딘	957E	2876	event_font_hangul_mapping.tsv
딨	957B	2873	event_font_hangul_mapping.tsv
따	9579	2871	event_font_hangul_mapping.tsv
딱	9569	2855	event_font_hangul_mapping.tsv
딴	9565	2851	event_font_hangul_mapping.tsv
땅	955F	2845	event_font_hangul_mapping.tsv
때	9554	2834	event_font_hangul_mapping.tsv
땐	954C	2826	event_font_hangul_mapping.tsv
떠	9544	2818	event_font_hangul_mapping.tsv
떡	94F9	2810	event_font_hangul_mapping.tsv
떤	94F8	2809	event_font_hangul_mapping.tsv
떨	94F5	2806	event_font_hangul_mapping.tsv
떻	94F4	2805	event_font_hangul_mapping.tsv
떼	94EF	2800	event_font_hangul_mapping.tsv
또	94EE	2799	event_font_hangul_mapping.tsv
똑	94ED	2798	event_font_hangul_mapping.tsv
뚜	94EC	2797	event_font_hangul_mapping.tsv
뚫	94E9	2794	event_font_hangul_mapping.tsv
뚱	94E8	2793	event_font_hangul_mapping.tsv
뛰	94E7	2792	event_font_hangul_mapping.tsv
뜨	94E2	2787	event_font_hangul_mapping.tsv
뜻	94E1	2786	event_font_hangul_mapping.tsv
라	81EE	173	event_font_hangul_mapping.tsv
락	94DF	2784	event_font_hangul_mapping.tsv
란	94DE	2783	event_font_hangul_mapping.tsv
랄	94DA	2779	event_font_hangul_mapping.tsv
람	94D7	2776	event_font_hangul_mapping.tsv
랐	94D4	2773	event_font_hangul_mapping.tsv
랑	94D1	2770	event_font_hangul_mapping.tsv
래	94CE	2767	event_font_hangul_mapping.tsv
랜	94CB	2764	event_font_hangul_mapping.tsv
랬	94CA	2763	event_font_hangul_mapping.tsv
략	94C9	2762	event_font_hangul_mapping.tsv
러	94C8	2761	event_font_hangul_mapping.tsv
런	94C7	2760	event_font_hangul_mapping.tsv
럴	94C4	2757	event_font_hangul_mapping.tsv
럼	94C0	2753	event_font_hangul_mapping.tsv
럽	94B8	2745	event_font_hangul_mapping.tsv
렀	94B7	2744	event_font_hangul_mapping.tsv
렁	94B6	2743	event_font_hangul_mapping.tsv
렇	94B4	2741	event_font_hangul_mapping.tsv
레	94AF	2736	event_font_hangul_mapping.tsv
려	94AE	2735	event_font_hangul_mapping.tsv
력	94A7	2728	event_font_hangul_mapping.tsv
련	94A6	2727	event_font_hangul_mapping.tsv
렴	94A4	2725	event_font_hangul_mapping.tsv
렵	94A3	2724	event_font_hangul_mapping.tsv
렷	94A1	2722	event_font_hangul_mapping.tsv
렸	94A0	2721	event_font_hangul_mapping.tsv
령	9488	2697	event_font_hangul_mapping.tsv
례	9485	2694	event_font_hangul_mapping.tsv
로	947E	2688	event_font_hangul_mapping.tsv
록	947C	2686	event_font_hangul_mapping.tsv
론	947A	2684	event_font_hangul_mapping.tsv
롭	9471	2675	event_font_hangul_mapping.tsv
료	946B	2669	event_font_hangul_mapping.tsv
룡	945E	2656	event_font_hangul_mapping.tsv
루	9457	2649	event_font_hangul_mapping.tsv
뤄	9455	2647	event_font_hangul_mapping.tsv
류	944C	2638	event_font_hangul_mapping.tsv
률	9449	2635	event_font_hangul_mapping.tsv
륭	9447	2633	event_font_hangul_mapping.tsv
르	93FC	2625	event_font_hangul_mapping.tsv
른	93F7	2620	event_font_hangul_mapping.tsv
를	93F6	2619	event_font_hangul_mapping.tsv
름	93EE	2611	event_font_hangul_mapping.tsv
릅	93EA	2607	event_font_hangul_mapping.tsv
릉	93DE	2595	event_font_hangul_mapping.tsv
리	93D9	2590	event_font_hangul_mapping.tsv
린	93D7	2588	event_font_hangul_mapping.tsv
릴	93D5	2586	event_font_hangul_mapping.tsv
림	93D3	2584	event_font_hangul_mapping.tsv
립	93D1	2582	event_font_hangul_mapping.tsv
릿	93CB	2576	event_font_hangul_mapping.tsv
마	89BE	683	event_font_hangul_mapping.tsv
막	93CA	2575	event_font_hangul_mapping.tsv
만	93C6	2571	event_font_hangul_mapping.tsv
많	93C5	2570	event_font_hangul_mapping.tsv
말	93C1	2566	event_font_hangul_mapping.tsv
맘	93BA	2559	event_font_hangul_mapping.tsv
망	93AE	2547	event_font_hangul_mapping.tsv
맞	93AC	2545	event_font_hangul_mapping.tsv
맡	9391	2518	event_font_hangul_mapping.tsv
매	9384	2505	event_font_hangul_mapping.tsv
맨	9379	2495	event_font_hangul_mapping.tsv
맹	9366	2476	event_font_hangul_mapping.tsv
머	935C	2466	event_font_hangul_mapping.tsv
먹	935A	2464	event_font_hangul_mapping.tsv
먼	9357	2461	event_font_hangul_mapping.tsv
멈	92F5	2430	event_font_hangul_mapping.tsv
멋	92F4	2429	event_font_hangul_mapping.tsv
메	92EE	2423	event_font_hangul_mapping.tsv
멤	92DE	2407	event_font_hangul_mapping.tsv
며	92D5	2398	event_font_hangul_mapping.tsv
면	92C6	2383	event_font_hangul_mapping.tsv
멸	92BD	2374	event_font_hangul_mapping.tsv
명	92AB	2356	event_font_hangul_mapping.tsv
몇	92A7	2352	event_font_hangul_mapping.tsv
모	92A5	2350	event_font_hangul_mapping.tsv
목	9285	2318	event_font_hangul_mapping.tsv
몰	9281	2314	event_font_hangul_mapping.tsv
몸	926A	2292	event_font_hangul_mapping.tsv
못	9267	2289	event_font_hangul_mapping.tsv
묘	9266	2288	event_font_hangul_mapping.tsv
무	9248	2258	event_font_hangul_mapping.tsv
문	91F7	2244	event_font_hangul_mapping.tsv
묻	91F4	2241	event_font_hangul_mapping.tsv
물	91F2	2239	event_font_hangul_mapping.tsv
뭇	91EC	2233	event_font_hangul_mapping.tsv
뭐	91EB	2232	event_font_hangul_mapping.tsv
뭔	91E8	2229	event_font_hangul_mapping.tsv
뭘	91E0	2221	event_font_hangul_mapping.tsv
미	91DE	2219	event_font_hangul_mapping.tsv
민	91DA	2215	event_font_hangul_mapping.tsv
믿	91D7	2212	event_font_hangul_mapping.tsv
밀	91D6	2211	event_font_hangul_mapping.tsv
밉	91D4	2209	event_font_hangul_mapping.tsv
밌	91D2	2207	event_font_hangul_mapping.tsv
바	91D1	2206	event_font_hangul_mapping.tsv
박	91D0	2205	event_font_hangul_mapping.tsv
밖	91CD	2202	event_font_hangul_mapping.tsv
반	91CB	2200	event_font_hangul_mapping.tsv
받	91CA	2199	event_font_hangul_mapping.tsv
발	91C7	2196	event_font_hangul_mapping.tsv
방	91C6	2195	event_font_hangul_mapping.tsv
밭	91C4	2193	event_font_hangul_mapping.tsv
배	91C3	2192	event_font_hangul_mapping.tsv
백	91BE	2187	event_font_hangul_mapping.tsv
버	91BD	2186	event_font_hangul_mapping.tsv
번	91BC	2185	event_font_hangul_mapping.tsv
벌	91BB	2184	event_font_hangul_mapping.tsv
범	91B9	2182	event_font_hangul_mapping.tsv
법	91B7	2180	event_font_hangul_mapping.tsv
벗	91B2	2175	event_font_hangul_mapping.tsv
벨	91B1	2174	event_font_hangul_mapping.tsv
벼	91AF	2172	event_font_hangul_mapping.tsv
변	91AE	2171	event_font_hangul_mapping.tsv
별	91AC	2169	event_font_hangul_mapping.tsv
병	91AB	2168	event_font_hangul_mapping.tsv
보	91AA	2167	event_font_hangul_mapping.tsv
복	91A7	2164	event_font_hangul_mapping.tsv
본	91A6	2163	event_font_hangul_mapping.tsv
볼	91A1	2158	event_font_hangul_mapping.tsv
봉	91A0	2157	event_font_hangul_mapping.tsv
봐	919E	2155	event_font_hangul_mapping.tsv
봤	918C	2137	event_font_hangul_mapping.tsv
봬	918A	2135	event_font_hangul_mapping.tsv
부	9182	2127	event_font_hangul_mapping.tsv
분	9181	2126	event_font_hangul_mapping.tsv
불	9179	2119	event_font_hangul_mapping.tsv
붙	9175	2115	event_font_hangul_mapping.tsv
비	916F	2109	event_font_hangul_mapping.tsv
빈	9165	2099	event_font_hangul_mapping.tsv
빌	915F	2093	event_font_hangul_mapping.tsv
빚	915A	2088	event_font_hangul_mapping.tsv
빛	9158	2086	event_font_hangul_mapping.tsv
빠	9157	2085	event_font_hangul_mapping.tsv
빨	9150	2078	event_font_hangul_mapping.tsv
빼	914F	2077	event_font_hangul_mapping.tsv
뺏	914B	2073	event_font_hangul_mapping.tsv
뻐	9142	2064	event_font_hangul_mapping.tsv
뻔	90F4	2053	event_font_hangul_mapping.tsv
뿌	90F1	2050	event_font_hangul_mapping.tsv
뿐	90EE	2047	event_font_hangul_mapping.tsv
뿔	90E8	2041	event_font_hangul_mapping.tsv
쁘	90E6	2039	event_font_hangul_mapping.tsv
쁜	90DC	2029	event_font_hangul_mapping.tsv
사	90CE	2015	event_font_hangul_mapping.tsv
산	90CB	2012	event_font_hangul_mapping.tsv
살	90C7	2008	event_font_hangul_mapping.tsv
삼	90C4	2005	event_font_hangul_mapping.tsv
상	90BA	1995	event_font_hangul_mapping.tsv
새	90B8	1993	event_font_hangul_mapping.tsv
생	90B5	1990	event_font_hangul_mapping.tsv
서	90B0	1985	event_font_hangul_mapping.tsv
석	90AF	1984	event_font_hangul_mapping.tsv
선	90AB	1980	event_font_hangul_mapping.tsv
설	90A9	1978	event_font_hangul_mapping.tsv
섭	90A0	1969	event_font_hangul_mapping.tsv
성	9098	1961	event_font_hangul_mapping.tsv
세	907E	1936	event_font_hangul_mapping.tsv
셈	905C	1902	event_font_hangul_mapping.tsv
셋	905B	1901	event_font_hangul_mapping.tsv
셔	905A	1900	event_font_hangul_mapping.tsv
션	9051	1891	event_font_hangul_mapping.tsv
셨	904A	1884	event_font_hangul_mapping.tsv
소	8FFA	1871	event_font_hangul_mapping.tsv
속	8FF8	1869	event_font_hangul_mapping.tsv
손	8FF5	1866	event_font_hangul_mapping.tsv
솔	8FF4	1865	event_font_hangul_mapping.tsv
송	8FEF	1860	event_font_hangul_mapping.tsv
수	8FEE	1859	event_font_hangul_mapping.tsv
숙	8FEB	1856	event_font_hangul_mapping.tsv
순	8FEA	1855	event_font_hangul_mapping.tsv
술	8FE9	1854	event_font_hangul_mapping.tsv
숨	8FE8	1853	event_font_hangul_mapping.tsv
숴	8FE6	1851	event_font_hangul_mapping.tsv
쉬	8FE4	1849	event_font_hangul_mapping.tsv
쉽	8FE2	1847	event_font_hangul_mapping.tsv
스	89BC	681	event_font_hangul_mapping.tsv
슨	8FDF	1844	event_font_hangul_mapping.tsv
슬	8FDE	1843	event_font_hangul_mapping.tsv
슴	8FDC	1841	event_font_hangul_mapping.tsv
습	8FDA	1839	event_font_hangul_mapping.tsv
승	8FD7	1836	event_font_hangul_mapping.tsv
시	8FD4	1833	event_font_hangul_mapping.tsv
식	8FD3	1832	event_font_hangul_mapping.tsv
신	8FD2	1831	event_font_hangul_mapping.tsv
실	8FD1	1830	event_font_hangul_mapping.tsv
심	8FCD	1826	event_font_hangul_mapping.tsv
십	8FCC	1825	event_font_hangul_mapping.tsv
싶	8FCB	1824	event_font_hangul_mapping.tsv
싸	8FCA	1823	event_font_hangul_mapping.tsv
쌍	8FC9	1822	event_font_hangul_mapping.tsv
쌓	8FC8	1821	event_font_hangul_mapping.tsv
써	8FC4	1817	event_font_hangul_mapping.tsv
썹	8FC0	1813	event_font_hangul_mapping.tsv
썼	8FBF	1812	event_font_hangul_mapping.tsv
쎄	8FBB	1808	event_font_hangul_mapping.tsv
쑥	8FBA	1807	event_font_hangul_mapping.tsv
쓰	8FB9	1806	event_font_hangul_mapping.tsv
쓴	8FB8	1805	event_font_hangul_mapping.tsv
쓸	8FB6	1803	event_font_hangul_mapping.tsv
씀	8FB2	1799	event_font_hangul_mapping.tsv
씨	8FB1	1798	event_font_hangul_mapping.tsv
씩	8FB0	1797	event_font_hangul_mapping.tsv
씬	8FAE	1795	event_font_hangul_mapping.tsv
씻	8FAD	1794	event_font_hangul_mapping.tsv
아	8FAC	1793	event_font_hangul_mapping.tsv
악	8FAB	1792	event_font_hangul_mapping.tsv
안	8FA9	1790	event_font_hangul_mapping.tsv
않	8FA6	1787	event_font_hangul_mapping.tsv
알	8FA0	1781	event_font_hangul_mapping.tsv
압	8F9E	1779	event_font_hangul_mapping.tsv
앗	8F9C	1777	event_font_hangul_mapping.tsv
았	8F97	1772	event_font_hangul_mapping.tsv
앙	8F96	1771	event_font_hangul_mapping.tsv
앞	8F89	1758	event_font_hangul_mapping.tsv
애	8F85	1754	event_font_hangul_mapping.tsv
앨	8F7B	1745	event_font_hangul_mapping.tsv
야	8F79	1743	event_font_hangul_mapping.tsv
약	8F6B	1729	event_font_hangul_mapping.tsv
양	8F67	1725	event_font_hangul_mapping.tsv
얘	8F65	1723	event_font_hangul_mapping.tsv
어	8F5F	1717	event_font_hangul_mapping.tsv
억	8F5C	1714	event_font_hangul_mapping.tsv
언	8F5B	1713	event_font_hangul_mapping.tsv
얻	8F59	1711	event_font_hangul_mapping.tsv
얼	8F56	1708	event_font_hangul_mapping.tsv
얽	8F54	1706	event_font_hangul_mapping.tsv
업	8F51	1703	event_font_hangul_mapping.tsv
없	8F4B	1697	event_font_hangul_mapping.tsv
었	8F45	1691	event_font_hangul_mapping.tsv
엉	8EFA	1683	event_font_hangul_mapping.tsv
에	8EF4	1677	event_font_hangul_mapping.tsv
엔	8EEF	1672	event_font_hangul_mapping.tsv
엣	8EEE	1671	event_font_hangul_mapping.tsv
엥	8EE8	1665	event_font_hangul_mapping.tsv
여	8EE6	1663	event_font_hangul_mapping.tsv
역	8EE1	1658	event_font_hangul_mapping.tsv
연	8EDF	1656	event_font_hangul_mapping.tsv
열	8EDE	1655	event_font_hangul_mapping.tsv
염	8EDC	1653	event_font_hangul_mapping.tsv
였	8ED9	1650	event_font_hangul_mapping.tsv
영	8ED8	1649	event_font_hangul_mapping.tsv
예	8ED6	1647	event_font_hangul_mapping.tsv
옛	8ED4	1645	event_font_hangul_mapping.tsv
오	8ECE	1639	event_font_hangul_mapping.tsv
온	8ECD	1638	event_font_hangul_mapping.tsv
올	8ECC	1637	event_font_hangul_mapping.tsv
옵	8EC8	1633	event_font_hangul_mapping.tsv
옷	8EC5	1630	event_font_hangul_mapping.tsv
와	8EC1	1626	event_font_hangul_mapping.tsv
완	8EBB	1620	event_font_hangul_mapping.tsv
왔	8EB9	1618	event_font_hangul_mapping.tsv
왕	8EB7	1616	event_font_hangul_mapping.tsv
왜	8EB6	1615	event_font_hangul_mapping.tsv
왠	8EB5	1614	event_font_hangul_mapping.tsv
외	8EB4	1613	event_font_hangul_mapping.tsv
요	8EB0	1609	event_font_hangul_mapping.tsv
용	8EAF	1608	event_font_hangul_mapping.tsv
우	8EAE	1607	event_font_hangul_mapping.tsv
욱	8EAD	1606	event_font_hangul_mapping.tsv
운	8EAB	1604	event_font_hangul_mapping.tsv
울	8EA9	1602	event_font_hangul_mapping.tsv
움	8EA8	1601	event_font_hangul_mapping.tsv
웃	8EA5	1598	event_font_hangul_mapping.tsv
웅	8EA4	1597	event_font_hangul_mapping.tsv
워	8E9B	1588	event_font_hangul_mapping.tsv
원	8E9A	1587	event_font_hangul_mapping.tsv
웠	8E95	1582	event_font_hangul_mapping.tsv
위	8E7E	1560	event_font_hangul_mapping.tsv
윌	8E7C	1558	event_font_hangul_mapping.tsv
유	8E71	1547	event_font_hangul_mapping.tsv
육	8E6B	1541	event_font_hangul_mapping.tsv
으	8E6A	1540	event_font_hangul_mapping.tsv
윽	8E65	1535	event_font_hangul_mapping.tsv
은	8E5E	1528	event_font_hangul_mapping.tsv
을	8E5C	1526	event_font_hangul_mapping.tsv
음	8E57	1521	event_font_hangul_mapping.tsv
응	8E4E	1512	event_font_hangul_mapping.tsv
의	8E47	1505	event_font_hangul_mapping.tsv
이	8E41	1499	event_font_hangul_mapping.tsv
익	8DF7	1492	event_font_hangul_mapping.tsv
인	8DF6	1491	event_font_hangul_mapping.tsv
일	8DEC	1481	event_font_hangul_mapping.tsv
읽	8DEB	1480	event_font_hangul_mapping.tsv
잃	8DEA	1479	event_font_hangul_mapping.tsv
임	8DE9	1478	event_font_hangul_mapping.tsv
입	8DDF	1468	event_font_hangul_mapping.tsv
있	8DDD	1466	event_font_hangul_mapping.tsv
잊	8DDC	1465	event_font_hangul_mapping.tsv
잎	8DC9	1446	event_font_hangul_mapping.tsv
자	8DC8	1445	event_font_hangul_mapping.tsv
작	8DC6	1443	event_font_hangul_mapping.tsv
잔	8DBD	1434	event_font_hangul_mapping.tsv
잖	8DB8	1429	event_font_hangul_mapping.tsv
잘	8DB6	1427	event_font_hangul_mapping.tsv
잠	8DB1	1422	event_font_hangul_mapping.tsv
잡	8DAC	1417	event_font_hangul_mapping.tsv
장	8DA3	1408	event_font_hangul_mapping.tsv
재	8DA2	1407	event_font_hangul_mapping.tsv
저	8D9E	1403	event_font_hangul_mapping.tsv
적	8D95	1394	event_font_hangul_mapping.tsv
전	8D57	1333	event_font_hangul_mapping.tsv
절	8CFA	1307	event_font_hangul_mapping.tsv
점	8CF9	1306	event_font_hangul_mapping.tsv
접	8CF8	1305	event_font_hangul_mapping.tsv
정	8CF7	1304	event_font_hangul_mapping.tsv
제	8CF5	1302	event_font_hangul_mapping.tsv
젠	8CF3	1300	event_font_hangul_mapping.tsv
져	8CF2	1299	event_font_hangul_mapping.tsv
졌	8CF1	1298	event_font_hangul_mapping.tsv
조	8CEE	1295	event_font_hangul_mapping.tsv
족	8CEA	1291	event_font_hangul_mapping.tsv
존	8CE4	1285	event_font_hangul_mapping.tsv
좀	8CDE	1279	event_font_hangul_mapping.tsv
종	8CD9	1274	event_font_hangul_mapping.tsv
좋	8CD7	1272	event_font_hangul_mapping.tsv
죄	8CCC	1261	event_font_hangul_mapping.tsv
죠	8CCA	1259	event_font_hangul_mapping.tsv
주	8CC9	1258	event_font_hangul_mapping.tsv
죽	8CC7	1256	event_font_hangul_mapping.tsv
준	8CC6	1255	event_font_hangul_mapping.tsv
줄	8CC5	1254	event_font_hangul_mapping.tsv
중	8CBF	1248	event_font_hangul_mapping.tsv
줘	8CBC	1245	event_font_hangul_mapping.tsv
줬	8CBB	1244	event_font_hangul_mapping.tsv
즈	8CBA	1243	event_font_hangul_mapping.tsv
즐	8CB8	1241	event_font_hangul_mapping.tsv
증	8CB7	1240	event_font_hangul_mapping.tsv
지	8CB5	1238	event_font_hangul_mapping.tsv
직	8CAF	1232	event_font_hangul_mapping.tsv
진	8CAB	1228	event_font_hangul_mapping.tsv
질	8CA4	1221	event_font_hangul_mapping.tsv
짐	8CA1	1218	event_font_hangul_mapping.tsv
집	8CA0	1217	event_font_hangul_mapping.tsv
짓	8C97	1208	event_font_hangul_mapping.tsv
짖	8C7E	1184	event_font_hangul_mapping.tsv
짙	8C76	1176	event_font_hangul_mapping.tsv
짜	8C5F	1153	event_font_hangul_mapping.tsv
짝	8C5E	1152	event_font_hangul_mapping.tsv
짱	8C5B	1149	event_font_hangul_mapping.tsv
째	8C5A	1148	event_font_hangul_mapping.tsv
쨌	8C56	1144	event_font_hangul_mapping.tsv
쩌	8C4F	1137	event_font_hangul_mapping.tsv
쩐	8C4D	1135	event_font_hangul_mapping.tsv
쩔	8C46	1128	event_font_hangul_mapping.tsv
쪽	8C44	1126	event_font_hangul_mapping.tsv
쫓	8C43	1125	event_font_hangul_mapping.tsv
쭈	8BFC	1121	event_font_hangul_mapping.tsv
쯤	8BFB	1120	event_font_hangul_mapping.tsv
찌	8BF9	1118	event_font_hangul_mapping.tsv
찍	8BF7	1116	event_font_hangul_mapping.tsv
차	8BF5	1114	event_font_hangul_mapping.tsv
착	8BF4	1113	event_font_hangul_mapping.tsv
찬	8BF3	1112	event_font_hangul_mapping.tsv
찮	8BF2	1111	event_font_hangul_mapping.tsv
찰	8BEF	1108	event_font_hangul_mapping.tsv
참	8BEC	1105	event_font_hangul_mapping.tsv
창	8BEB	1104	event_font_hangul_mapping.tsv
찾	8BE7	1100	event_font_hangul_mapping.tsv
채	8BE6	1099	event_font_hangul_mapping.tsv
챘	8BE5	1098	event_font_hangul_mapping.tsv
처	8BE4	1097	event_font_hangul_mapping.tsv
척	8BE2	1095	event_font_hangul_mapping.tsv
천	8BE1	1094	event_font_hangul_mapping.tsv
철	8BE0	1093	event_font_hangul_mapping.tsv
첫	8BDF	1092	event_font_hangul_mapping.tsv
청	8BDE	1091	event_font_hangul_mapping.tsv
체	8BDC	1089	event_font_hangul_mapping.tsv
쳇	8BD9	1086	event_font_hangul_mapping.tsv
쳐	8BD7	1084	event_font_hangul_mapping.tsv
쳤	8BD6	1083	event_font_hangul_mapping.tsv
초	8BD1	1078	event_font_hangul_mapping.tsv
최	8BD0	1077	event_font_hangul_mapping.tsv
쵸	8BCF	1076	event_font_hangul_mapping.tsv
추	8BCB	1072	event_font_hangul_mapping.tsv
축	8BCA	1071	event_font_hangul_mapping.tsv
출	8BC9	1070	event_font_hangul_mapping.tsv
충	8BC7	1068	event_font_hangul_mapping.tsv
춰	8BC5	1066	event_font_hangul_mapping.tsv
취	8BC4	1065	event_font_hangul_mapping.tsv
츠	8BBE	1059	event_font_hangul_mapping.tsv
층	8BBC	1057	event_font_hangul_mapping.tsv
치	8BBB	1056	event_font_hangul_mapping.tsv
친	8BB8	1053	event_font_hangul_mapping.tsv
칠	8BB3	1048	event_font_hangul_mapping.tsv
침	8BAF	1044	event_font_hangul_mapping.tsv
칭	8BAD	1042	event_font_hangul_mapping.tsv
카	8BAC	1041	event_font_hangul_mapping.tsv
커	8BAB	1040	event_font_hangul_mapping.tsv
컷	8BAA	1039	event_font_hangul_mapping.tsv
케	8BA9	1038	event_font_hangul_mapping.tsv
켁	8BA7	1036	event_font_hangul_mapping.tsv
켜	8BA6	1035	event_font_hangul_mapping.tsv
코	8BA5	1034	event_font_hangul_mapping.tsv
쾌	8BA3	1032	event_font_hangul_mapping.tsv
쿠	8BA1	1030	event_font_hangul_mapping.tsv
쿡	8B9D	1026	event_font_hangul_mapping.tsv
크	8B9C	1025	event_font_hangul_mapping.tsv
큭	8B9B	1024	event_font_hangul_mapping.tsv
큰	8B9A	1023	event_font_hangul_mapping.tsv
큼	8B97	1020	event_font_hangul_mapping.tsv
키	8B84	1001	event_font_hangul_mapping.tsv
킨	8B83	1000	event_font_hangul_mapping.tsv
킬	8B6C	978	event_font_hangul_mapping.tsv
타	8B6B	977	event_font_hangul_mapping.tsv
탁	8B6A	976	event_font_hangul_mapping.tsv
탄	8B64	970	event_font_hangul_mapping.tsv
탈	8B59	959	event_font_hangul_mapping.tsv
탓	8B55	955	event_font_hangul_mapping.tsv
탕	8B54	954	event_font_hangul_mapping.tsv
태	8B48	942	event_font_hangul_mapping.tsv
택	8B45	939	event_font_hangul_mapping.tsv
터	8AFA	931	event_font_hangul_mapping.tsv
턴	8AF6	927	event_font_hangul_mapping.tsv
테	825E	218	event_font_hangul_mapping.tsv
텐	8AF4	925	event_font_hangul_mapping.tsv
토	8AEF	920	event_font_hangul_mapping.tsv
톨	8AEE	919	event_font_hangul_mapping.tsv
통	8AED	918	event_font_hangul_mapping.tsv
투	8AEA	915	event_font_hangul_mapping.tsv
트	824A	198	event_font_hangul_mapping.tsv
특	8AE7	912	event_font_hangul_mapping.tsv
튼	8AE6	911	event_font_hangul_mapping.tsv
틀	8AE5	910	event_font_hangul_mapping.tsv
틈	8AE3	908	event_font_hangul_mapping.tsv
티	8AE2	907	event_font_hangul_mapping.tsv
파	8AE1	906	event_font_hangul_mapping.tsv
팍	8ADF	904	event_font_hangul_mapping.tsv
판	8ADD	902	event_font_hangul_mapping.tsv
팔	8ADC	901	event_font_hangul_mapping.tsv
패	8AD9	898	event_font_hangul_mapping.tsv
펐	8AD8	897	event_font_hangul_mapping.tsv
편	8AD7	896	event_font_hangul_mapping.tsv
평	8AD5	894	event_font_hangul_mapping.tsv
폐	8AD0	889	event_font_hangul_mapping.tsv
포	8ACB	884	event_font_hangul_mapping.tsv
폭	8ACA	883	event_font_hangul_mapping.tsv
표	8AC9	882	event_font_hangul_mapping.tsv
푸	8AC8	881	event_font_hangul_mapping.tsv
푹	8AC4	877	event_font_hangul_mapping.tsv
풀	8AC3	876	event_font_hangul_mapping.tsv
품	8ABF	872	event_font_hangul_mapping.tsv
풍	8ABD	870	event_font_hangul_mapping.tsv
프	8AB7	864	event_font_hangul_mapping.tsv
픈	8AB0	857	event_font_hangul_mapping.tsv
피	8AAF	856	event_font_hangul_mapping.tsv
필	8AAC	853	event_font_hangul_mapping.tsv
하	8AAB	852	event_font_hangul_mapping.tsv
한	89BB	680	event_font_hangul_mapping.tsv
할	8AAA	851	event_font_hangul_mapping.tsv
함	8AA9	850	event_font_hangul_mapping.tsv
합	8AA7	848	event_font_hangul_mapping.tsv
핫	8A9F	840	event_font_hangul_mapping.tsv
항	8A9D	838	event_font_hangul_mapping.tsv
해	8A9A	835	event_font_hangul_mapping.tsv
했	8A97	832	event_font_hangul_mapping.tsv
행	8A95	830	event_font_hangul_mapping.tsv
허	8A7D	807	event_font_hangul_mapping.tsv
헉	8A7B	805	event_font_hangul_mapping.tsv
험	8A79	803	event_font_hangul_mapping.tsv
헛	8A6E	792	event_font_hangul_mapping.tsv
헤	8A65	783	event_font_hangul_mapping.tsv
헴	8A64	782	event_font_hangul_mapping.tsv
헷	8A61	779	event_font_hangul_mapping.tsv
헹	8A60	778	event_font_hangul_mapping.tsv
혀	8A5E	776	event_font_hangul_mapping.tsv
혁	8A5B	773	event_font_hangul_mapping.tsv
현	8A5A	772	event_font_hangul_mapping.tsv
혈	8A54	766	event_font_hangul_mapping.tsv
협	8A4F	761	event_font_hangul_mapping.tsv
혔	8A4A	756	event_font_hangul_mapping.tsv
혜	8A49	755	event_font_hangul_mapping.tsv
호	89FB	744	event_font_hangul_mapping.tsv
혹	89F7	740	event_font_hangul_mapping.tsv
혼	89F6	739	event_font_hangul_mapping.tsv
화	89F5	738	event_font_hangul_mapping.tsv
확	89EF	732	event_font_hangul_mapping.tsv
환	89EE	731	event_font_hangul_mapping.tsv
활	89ED	730	event_font_hangul_mapping.tsv
황	89EC	729	event_font_hangul_mapping.tsv
회	89EB	728	event_font_hangul_mapping.tsv
획	89EA	727	event_font_hangul_mapping.tsv
후	89E8	725	event_font_hangul_mapping.tsv
훌	89DF	716	event_font_hangul_mapping.tsv
훗	89DE	715	event_font_hangul_mapping.tsv
훨	89DB	712	event_font_hangul_mapping.tsv
휘	89D9	710	event_font_hangul_mapping.tsv
휩	89D8	709	event_font_hangul_mapping.tsv
흐	89D7	708	event_font_hangul_mapping.tsv
흑	89D5	706	event_font_hangul_mapping.tsv
흔	89D4	705	event_font_hangul_mapping.tsv
흘	89D2	703	event_font_hangul_mapping.tsv
흠	89D1	702	event_font_hangul_mapping.tsv
흡	89CF	700	event_font_hangul_mapping.tsv
흥	89CE	699	event_font_hangul_mapping.tsv
흩	89CC	697	event_font_hangul_mapping.tsv
희	89CB	696	event_font_hangul_mapping.tsv
히	89C5	690	event_font_hangul_mapping.tsv
힘	89C4	689	event_font_hangul_mapping.tsv
힛	89C3	688	event_font_hangul_mapping.tsv
검	89B9	678	new_glyph_mapping.tsv
꿀	89B8	677	new_glyph_mapping.tsv
눌	89B7	676	new_glyph_mapping.tsv
뉘	89B6	675	new_glyph_mapping.tsv
뉴	89B5	674	new_glyph_mapping.tsv
등	89B4	673	new_glyph_mapping.tsv
릭	89B1	670	new_glyph_mapping.tsv
벤	89AF	668	new_glyph_mapping.tsv
옆	89AE	667	new_glyph_mapping.tsv
왼	89AC	665	new_glyph_mapping.tsv
칸	89A9	662	new_glyph_mapping.tsv
캐	89A6	659	new_glyph_mapping.tsv
킵	89A0	653	new_glyph_mapping.tsv
템	899E	651	new_glyph_mapping.tsv
향	899C	649	new_glyph_mapping.tsv
횟	8999	646	new_glyph_mapping.tsv
힌	8991	638	new_glyph_mapping.tsv
값	82F7	370	SUB51D
겟	82F5	368	SUB51D
곡	825C	216	SUB51D
곽	8241	189	SUB51D
광	81EC	171	SUB51D
괘	81E9	168	SUB51D
궁	81D8	151	SUB51D
권	81D7	150	SUB51D
규	81C7	134	SUB51D
깎	81C0	127	SUB51D
꺼	897C	1564	SUB51D
꽂	8979	1561	SUB51D
꽝	8975	1557	SUB51D
꿔	8974	1556	SUB51D
낙	8973	1555	SUB51D
낚	896A	1546	SUB51D
낮	8966	1542	SUB51D
닝	8963	1539	SUB51D
돈	8960	1536	SUB51D
딩	8959	1529	SUB51D
뜬	8955	1525	SUB51D
랩	8954	1524	SUB51D
량	894E	1518	SUB51D
렘	894D	1517	SUB51D
렬	894C	1516	SUB51D
롤	8945	1509	SUB51D
롯	88F7	1498	SUB51D
롱	88F6	1497	SUB51D
뢰	88F5	1496	SUB51D
륜	88EF	1490	SUB51D
링	88EE	1489	SUB51D
맵	88EC	1487	SUB51D
멀	88EA	1485	SUB51D
멘	88E7	1482	SUB51D
몽	88DE	1473	SUB51D
믹	88DC	1471	SUB51D
밋	88DB	1470	SUB51D
밤	88DA	1469	SUB51D
밥	88D3	1462	SUB51D
뱀	88CE	1457	SUB51D
베	88CB	1454	SUB51D
벽	88CA	1453	SUB51D
북	88C6	1449	SUB51D
붉	88C5	1448	SUB51D
붕	88C4	1447	SUB51D
브	88BE	1441	SUB51D
블	88BB	1438	SUB51D
빗	88B9	1436	SUB51D
빙	88B6	1433	SUB51D
삭	88B5	1432	SUB51D
색	88AC	1423	SUB51D
샤	88A9	1420	SUB51D
섬	88A7	1418	SUB51D
쇄	88A3	1414	SUB51D
쇠	889B	1406	SUB51D
숲	8899	1404	SUB51D
슛	8897	1402	SUB51D
싼	8896	1401	SUB51D
암	8895	1400	SUB51D
앵	8893	1398	SUB51D
엽	8892	1397	SUB51D
옥	8890	1395	SUB51D
월	888E	1393	SUB51D
웨	888D	1392	SUB51D
윤	888C	1391	SUB51D
율	888A	1389	SUB51D
젊	8888	1387	SUB51D
좌	8886	1385	SUB51D
징	8884	1383	SUB51D
챙	8881	1380	SUB51D
챠	8880	1379	SUB51D
첨	887E	1378	SUB51D
촙	887A	1374	SUB51D
춤	8878	1372	SUB51D
칙	8877	1371	SUB51D
칼	8876	1370	SUB51D
캡	8875	1369	SUB51D
컨	8874	1368	SUB51D
컴	8871	1365	SUB51D
콘	8869	1357	SUB51D
콤	8867	1355	SUB51D
쿄	8864	1352	SUB51D
클	885E	1346	SUB51D
킥	885C	1344	SUB51D
킹	885B	1343	SUB51D
턱	8857	1339	SUB51D
텝	8856	1338	SUB51D
톡	8855	1337	SUB51D
톤	884F	1331	SUB51D
퇴	884E	1330	SUB51D
팽	884D	1329	SUB51D
퍼	884C	1328	SUB51D
펀	884A	1326	SUB51D
퓨	8849	1325	SUB51D
플	8847	1323	SUB51D
픔	87FC	1315	SUB51D
학	87FA	1313	SUB51D
핸	87F9	1312	SUB51D
헨	87F8	1311	SUB51D
형	87F7	1310	SUB51D
홀	87F6	1309	SUB51D
홍	87F5	1308	SUB51D
효	87EE	1301	SUB51D
훈	87EA	1297	SUB51D
휴	87E7	1294	SUB51D
흉	87E6	1293	SUB51D
