hangul	unicode	frequency	donor_sjis_hex	donor_byte1	donor_byte2	glyph_index	glyph_hex	font_file_offset	tier	stage36r_runtime_verified	kr_tbl_usage_before	ui_sample_usage
가	U+AC00	417	8248	82	48	196	0xC4	0x3A490C	STRICT_STAGE36R_VERIFIED	YES	0	0
각	U+AC01	39	81D5	81	D5	148	0x94	0x3A2AAC	STRICT_ACTUAL_RUNTIME	NO	0	0
간	U+AC04	42	81D4	81	D4	147	0x93	0x3A2A0A	STRICT_ACTUAL_RUNTIME	NO	0	0
갈	U+AC08	15	81D2	81	D2	145	0x91	0x3A28C6	STRICT_ACTUAL_RUNTIME	NO	0	0
감	U+AC10	16	81D1	81	D1	144	0x90	0x3A2824	STRICT_ACTUAL_RUNTIME	NO	0	0
갑	U+AC11	5	81D0	81	D0	143	0x8F	0x3A2782	STRICT_ACTUAL_RUNTIME	NO	0	0
갔	U+AC14	6	81C4	81	C4	131	0x83	0x3A1FEA	STRICT_ACTUAL_RUNTIME	NO	0	0
강	U+AC15	9	81C3	81	C3	130	0x82	0x3A1F48	STRICT_ACTUAL_RUNTIME	NO	0	0
갖	U+AC16	4	81C2	81	C2	129	0x81	0x3A1EA6	STRICT_ACTUAL_RUNTIME	NO	0	0
같	U+AC19	30	81AE	81	AE	109	0x6D	0x3A11FE	STRICT_ACTUAL_RUNTIME	NO	0	0
갚	U+AC1A	1	986B	98	6B	3421	0xD5D	0x4241DE	STRICT_ACTUAL_RUNTIME	NO	0	0
개	U+AC1C	27	9869	98	69	3419	0xD5B	0x42409A	STRICT_ACTUAL_RUNTIME	NO	0	0
거	U+AC70	206	9864	98	64	3414	0xD56	0x423D70	STRICT_ACTUAL_RUNTIME	NO	0	0
걱	U+AC71	6	985F	98	5F	3409	0xD51	0x423A46	STRICT_ACTUAL_RUNTIME	NO	0	0
건	U+AC74	119	985B	98	5B	3405	0xD4D	0x4237BE	STRICT_ACTUAL_RUNTIME	NO	0	0
걸	U+AC78	51	985A	98	5A	3404	0xD4C	0x42371C	STRICT_ACTUAL_RUNTIME	NO	0	0
겁	U+AC81	2	9855	98	55	3399	0xD47	0x4233F2	STRICT_ACTUAL_RUNTIME	NO	0	0
것	U+AC83	86	9854	98	54	3398	0xD46	0x423350	STRICT_ACTUAL_RUNTIME	NO	0	0
게	U+AC8C	253	9851	98	51	3395	0xD43	0x42316A	STRICT_ACTUAL_RUNTIME	NO	0	0
겐	U+AC90	6	984F	98	4F	3393	0xD41	0x423026	STRICT_ACTUAL_RUNTIME	NO	0	0
겠	U+ACA0	109	984B	98	4B	3389	0xD3D	0x422D9E	STRICT_ACTUAL_RUNTIME	NO	0	0
겨	U+ACA8	17	984A	98	4A	3388	0xD3C	0x422CFC	STRICT_ACTUAL_RUNTIME	NO	0	0
격	U+ACA9	10	9848	98	48	3386	0xD3A	0x422BB8	STRICT_ACTUAL_RUNTIME	NO	0	0
겪	U+ACAA	1	9846	98	46	3384	0xD38	0x422A74	STRICT_ACTUAL_RUNTIME	NO	0	0
견	U+ACAC	1	9844	98	44	3382	0xD36	0x422930	STRICT_ACTUAL_RUNTIME	NO	0	0
결	U+ACB0	17	97FB	97	FB	3376	0xD30	0x422564	STRICT_ACTUAL_RUNTIME	NO	0	0
경	U+ACBD	6	97F8	97	F8	3373	0xD2D	0x42237E	STRICT_ACTUAL_RUNTIME	NO	0	0
계	U+ACC4	19	97F7	97	F7	3372	0xD2C	0x4222DC	STRICT_ACTUAL_RUNTIME	NO	0	0
고	U+ACE0	301	97F5	97	F5	3370	0xD2A	0x422198	STRICT_ACTUAL_RUNTIME	NO	0	0
곤	U+ACE4	4	97F4	97	F4	3369	0xD29	0x4220F6	STRICT_ACTUAL_RUNTIME	NO	0	0
곧	U+ACE7	2	97EF	97	EF	3364	0xD24	0x421DCC	STRICT_ACTUAL_RUNTIME	NO	0	0
골	U+ACE8	7	97EC	97	EC	3361	0xD21	0x421BE6	STRICT_ACTUAL_RUNTIME	NO	0	0
곳	U+ACF3	19	97EA	97	EA	3359	0xD1F	0x421AA2	STRICT_ACTUAL_RUNTIME	NO	0	0
공	U+ACF5	63	97E9	97	E9	3358	0xD1E	0x421A00	STRICT_ACTUAL_RUNTIME	NO	0	0
과	U+ACFC	45	97E6	97	E6	3355	0xD1B	0x42181A	STRICT_ACTUAL_RUNTIME	NO	0	0
관	U+AD00	17	97E0	97	E0	3349	0xD15	0x42144E	STRICT_ACTUAL_RUNTIME	NO	0	0
괜	U+AD1C	11	97DB	97	DB	3344	0xD10	0x421124	STRICT_ACTUAL_RUNTIME	NO	0	0
괴	U+AD34	12	97DA	97	DA	3343	0xD0F	0x421082	STRICT_ACTUAL_RUNTIME	NO	0	0
굉	U+AD49	3	97D7	97	D7	3340	0xD0C	0x420E9C	STRICT_ACTUAL_RUNTIME	NO	0	0
교	U+AD50	1	97D6	97	D6	3339	0xD0B	0x420DFA	STRICT_ACTUAL_RUNTIME	NO	0	0
구	U+AD6C	88	97D5	97	D5	3338	0xD0A	0x420D58	STRICT_ACTUAL_RUNTIME	NO	0	0
국	U+AD6D	5	97D2	97	D2	3335	0xD07	0x420B72	STRICT_ACTUAL_RUNTIME	NO	0	0
군	U+AD70	104	97D1	97	D1	3334	0xD06	0x420AD0	STRICT_ACTUAL_RUNTIME	NO	0	0
굳	U+AD73	3	97D0	97	D0	3333	0xD05	0x420A2E	STRICT_ACTUAL_RUNTIME	NO	0	0
굴	U+AD74	2	97CF	97	CF	3332	0xD04	0x42098C	STRICT_ACTUAL_RUNTIME	NO	0	0
귀	U+ADC0	3	97CC	97	CC	3329	0xD01	0x4207A6	STRICT_ACTUAL_RUNTIME	NO	0	0
그	U+ADF8	463	97CB	97	CB	3328	0xD00	0x420704	STRICT_ACTUAL_RUNTIME	NO	0	0
극	U+ADF9	2	97C6	97	C6	3323	0xCFB	0x4203DA	STRICT_ACTUAL_RUNTIME	NO	0	0
근	U+ADFC	5	97C4	97	C4	3321	0xCF9	0x420296	STRICT_ACTUAL_RUNTIME	NO	0	0
글	U+AE00	1	89C0	89	C0	685	0x2AD	0x3B7E7E	STRICT_ACTUAL_RUNTIME_REASSIGNED	NO	0	0
금	U+AE08	81	97C3	97	C3	3320	0xCF8	0x4201F4	STRICT_ACTUAL_RUNTIME	NO	0	0
급	U+AE09	4	97BE	97	BE	3315	0xCF3	0x41FECA	STRICT_ACTUAL_RUNTIME	NO	0	0
긋	U+AE0B	2	97B9	97	B9	3310	0xCEE	0x41FBA0	STRICT_ACTUAL_RUNTIME	NO	0	0
긍	U+AE0D	1	97B8	97	B8	3309	0xCED	0x41FAFE	STRICT_ACTUAL_RUNTIME	NO	0	0
기	U+AE30	235	97B5	97	B5	3306	0xCEA	0x41F918	STRICT_ACTUAL_RUNTIME	NO	0	0
긴	U+AE34	26	97B2	97	B2	3303	0xCE7	0x41F732	STRICT_ACTUAL_RUNTIME	NO	0	0
길	U+AE38	8	97AE	97	AE	3299	0xCE3	0x41F4AA	STRICT_ACTUAL_RUNTIME	NO	0	0
김	U+AE40	1	97AC	97	AC	3297	0xCE1	0x41F366	STRICT_ACTUAL_RUNTIME	NO	0	0
까	U+AE4C	160	97A9	97	A9	3294	0xCDE	0x41F180	STRICT_ACTUAL_RUNTIME	NO	0	0
깐	U+AE50	40	97A8	97	A8	3293	0xCDD	0x41F0DE	STRICT_ACTUAL_RUNTIME	NO	0	0
깜	U+AE5C	1	97A7	97	A7	3292	0xCDC	0x41F03C	STRICT_ACTUAL_RUNTIME	NO	0	0
깝	U+AE5D	1	979D	97	9D	3282	0xCD2	0x41E9E8	STRICT_ACTUAL_RUNTIME	NO	0	0
깨	U+AE68	1	9790	97	90	3269	0xCC5	0x41E1AE	STRICT_ACTUAL_RUNTIME	NO	0	0
껄	U+AEC4	1	978B	97	8B	3264	0xCC0	0x41DE84	STRICT_ACTUAL_RUNTIME	NO	0	0
껏	U+AECF	1	9788	97	88	3261	0xCBD	0x41DC9E	STRICT_ACTUAL_RUNTIME	NO	0	0
께	U+AED8	7	9784	97	84	3257	0xCB9	0x41DA16	STRICT_ACTUAL_RUNTIME	NO	0	0
껴	U+AEF4	2	977B	97	7B	3249	0xCB1	0x41D506	STRICT_ACTUAL_RUNTIME	NO	0	0
꼬	U+AF2C	5	977A	97	7A	3248	0xCB0	0x41D464	STRICT_ACTUAL_RUNTIME	NO	0	0
꼭	U+AF2D	1	9779	97	79	3247	0xCAF	0x41D3C2	STRICT_ACTUAL_RUNTIME	NO	0	0
꼴	U+AF34	1	976A	97	6A	3232	0xCA0	0x41CA44	STRICT_ACTUAL_RUNTIME	NO	0	0
꽃	U+AF43	5	9764	97	64	3226	0xC9A	0x41C678	STRICT_ACTUAL_RUNTIME	NO	0	0
꽤	U+AF64	7	975C	97	5C	3218	0xC92	0x41C168	STRICT_ACTUAL_RUNTIME	NO	0	0
꾸	U+AFB8	1	9756	97	56	3212	0xC8C	0x41BD9C	STRICT_ACTUAL_RUNTIME	NO	0	0
뀌	U+B00C	1	9751	97	51	3207	0xC87	0x41BA72	STRICT_ACTUAL_RUNTIME	NO	0	0
끄	U+B044	14	974F	97	4F	3205	0xC85	0x41B92E	STRICT_ACTUAL_RUNTIME	NO	0	0
끈	U+B048	3	974C	97	4C	3202	0xC82	0x41B748	STRICT_ACTUAL_RUNTIME	NO	0	0
끌	U+B04C	2	974B	97	4B	3201	0xC81	0x41B6A6	STRICT_ACTUAL_RUNTIME	NO	0	0
끝	U+B05D	11	9748	97	48	3198	0xC7E	0x41B4C0	STRICT_ACTUAL_RUNTIME	NO	0	0
끼	U+B07C	3	96FB	96	FB	3188	0xC74	0x41AE6C	STRICT_ACTUAL_RUNTIME	NO	0	0
낌	U+B08C	3	96F4	96	F4	3181	0xC6D	0x41A9FE	STRICT_ACTUAL_RUNTIME	NO	0	0
나	U+B098	980	89BF	89	BF	684	0x2AC	0x3B7DDC	STRICT_ACTUAL_RUNTIME_REASSIGNED	NO	0	0
난	U+B09C	55	96F1	96	F1	3178	0xC6A	0x41A818	STRICT_ACTUAL_RUNTIME	NO	0	0
날	U+B0A0	22	96F0	96	F0	3177	0xC69	0x41A776	STRICT_ACTUAL_RUNTIME	NO	0	0
남	U+B0A8	17	96EF	96	EF	3176	0xC68	0x41A6D4	STRICT_ACTUAL_RUNTIME	NO	0	0
납	U+B0A9	1	96EE	96	EE	3175	0xC67	0x41A632	STRICT_ACTUAL_RUNTIME	NO	0	0
낫	U+B0AB	3	96EB	96	EB	3172	0xC64	0x41A44C	STRICT_ACTUAL_RUNTIME	NO	0	0
났	U+B0AC	6	96EA	96	EA	3171	0xC63	0x41A3AA	STRICT_ACTUAL_RUNTIME	NO	0	0
내	U+B0B4	74	96E8	96	E8	3169	0xC61	0x41A266	STRICT_ACTUAL_RUNTIME	NO	0	0
낸	U+B0B8	7	96E0	96	E0	3161	0xC59	0x419D56	STRICT_ACTUAL_RUNTIME	NO	0	0
낼	U+B0BC	5	96DF	96	DF	3160	0xC58	0x419CB4	STRICT_ACTUAL_RUNTIME	NO	0	0
냄	U+B0C4	1	96DE	96	DE	3159	0xC57	0x419C12	STRICT_ACTUAL_RUNTIME	NO	0	0
냈	U+B0C8	4	96DD	96	DD	3158	0xC56	0x419B70	STRICT_ACTUAL_RUNTIME	NO	0	0
냉	U+B0C9	3	96D9	96	D9	3154	0xC52	0x4198E8	STRICT_ACTUAL_RUNTIME	NO	0	0
냐	U+B0D0	69	96D7	96	D7	3152	0xC50	0x4197A4	STRICT_ACTUAL_RUNTIME	NO	0	0
냥	U+B0E5	11	96D6	96	D6	3151	0xC4F	0x419702	STRICT_ACTUAL_RUNTIME	NO	0	0
너	U+B108	96	96D5	96	D5	3150	0xC4E	0x419660	STRICT_ACTUAL_RUNTIME	NO	0	0
넌	U+B10C	7	96D4	96	D4	3149	0xC4D	0x4195BE	STRICT_ACTUAL_RUNTIME	NO	0	0
널	U+B110	5	96CF	96	CF	3144	0xC48	0x419294	STRICT_ACTUAL_RUNTIME	NO	0	0
넘	U+B118	3	96CB	96	CB	3140	0xC44	0x41900C	STRICT_ACTUAL_RUNTIME	NO	0	0
넣	U+B123	6	96C9	96	C9	3138	0xC42	0x418EC8	STRICT_ACTUAL_RUNTIME	NO	0	0
네	U+B124	141	96C8	96	C8	3137	0xC41	0x418E26	STRICT_ACTUAL_RUNTIME	NO	0	0
녀	U+B140	66	96C5	96	C5	3134	0xC3E	0x418C40	STRICT_ACTUAL_RUNTIME	NO	0	0
녁	U+B141	18	96C4	96	C4	3133	0xC3D	0x418B9E	STRICT_ACTUAL_RUNTIME	NO	0	0
년	U+B144	10	96BC	96	BC	3125	0xC35	0x41868E	STRICT_ACTUAL_RUNTIME	NO	0	0
념	U+B150	9	96BA	96	BA	3123	0xC33	0x41854A	STRICT_ACTUAL_RUNTIME	NO	0	0
녔	U+B154	1	96B8	96	B8	3121	0xC31	0x418406	STRICT_ACTUAL_RUNTIME	NO	0	0
녕	U+B155	2	96B6	96	B6	3119	0xC2F	0x4182C2	STRICT_ACTUAL_RUNTIME	NO	0	0
노	U+B178	11	96AE	96	AE	3111	0xC27	0x417DB2	STRICT_ACTUAL_RUNTIME	NO	0	0
녹	U+B179	1	96AA	96	AA	3107	0xC23	0x417B2A	STRICT_ACTUAL_RUNTIME	NO	0	0
놀	U+B180	6	96A6	96	A6	3103	0xC1F	0x4178A2	STRICT_ACTUAL_RUNTIME	NO	0	0
놈	U+B188	23	96A0	96	A0	3097	0xC19	0x4174D6	STRICT_ACTUAL_RUNTIME	NO	0	0
농	U+B18D	2	969F	96	9F	3096	0xC18	0x417434	STRICT_ACTUAL_RUNTIME	NO	0	0
높	U+B192	1	969C	96	9C	3093	0xC15	0x41724E	STRICT_ACTUAL_RUNTIME	NO	0	0
놓	U+B193	13	968F	96	8F	3080	0xC08	0x416A14	STRICT_ACTUAL_RUNTIME	NO	0	0
놔	U+B194	2	9688	96	88	3073	0xC01	0x4165A6	STRICT_ACTUAL_RUNTIME	NO	0	0
뇌	U+B1CC	1	9682	96	82	3067	0xBFB	0x4161DA	STRICT_ACTUAL_RUNTIME	NO	0	0
뇨	U+B1E8	2	966C	96	6C	3046	0xBE6	0x415490	STRICT_ACTUAL_RUNTIME	NO	0	0
누	U+B204	85	9668	96	68	3042	0xBE2	0x415208	STRICT_ACTUAL_RUNTIME	NO	0	0
눈	U+B208	14	9665	96	65	3039	0xBDF	0x415022	STRICT_ACTUAL_RUNTIME	NO	0	0
눕	U+B215	1	9663	96	63	3037	0xBDD	0x414EDE	STRICT_ACTUAL_RUNTIME	NO	0	0
느	U+B290	16	965E	96	5E	3032	0xBD8	0x414BB4	STRICT_ACTUAL_RUNTIME	NO	0	0
는	U+B294	362	965A	96	5A	3028	0xBD4	0x41492C	STRICT_ACTUAL_RUNTIME	NO	0	0
늘	U+B298	11	9659	96	59	3027	0xBD3	0x41488A	STRICT_ACTUAL_RUNTIME	NO	0	0
늙	U+B299	1	9657	96	57	3025	0xBD1	0x414746	STRICT_ACTUAL_RUNTIME	NO	0	0
능	U+B2A5	10	9655	96	55	3023	0xBCF	0x414602	STRICT_ACTUAL_RUNTIME	NO	0	0
늦	U+B2A6	2	9650	96	50	3018	0xBCA	0x4142D8	STRICT_ACTUAL_RUNTIME	NO	0	0
니	U+B2C8	274	964F	96	4F	3017	0xBC9	0x414236	STRICT_ACTUAL_RUNTIME	NO	0	0
닌	U+B2CC	16	964C	96	4C	3014	0xBC6	0x414050	STRICT_ACTUAL_RUNTIME	NO	0	0
닐	U+B2D0	2	9649	96	49	3011	0xBC3	0x413E6A	STRICT_ACTUAL_RUNTIME	NO	0	0
님	U+B2D8	97	95FC	95	FC	3001	0xBB9	0x413816	STRICT_ACTUAL_RUNTIME	NO	0	0
닙	U+B2D9	3	95FA	95	FA	2999	0xBB7	0x4136D2	STRICT_ACTUAL_RUNTIME	NO	0	0
다	U+B2E4	532	81EF	81	EF	174	0xAE	0x3A3B20	STRICT_STAGE36R_VERIFIED	YES	0	0
닥	U+B2E5	2	95F4	95	F4	2993	0xBB1	0x413306	STRICT_ACTUAL_RUNTIME	NO	0	0
단	U+B2E8	38	95EF	95	EF	2988	0xBAC	0x412FDC	STRICT_ACTUAL_RUNTIME	NO	0	0
닫	U+B2EB	1	95EB	95	EB	2984	0xBA8	0x412D54	STRICT_ACTUAL_RUNTIME	NO	0	0
달	U+B2EC	10	95EA	95	EA	2983	0xBA7	0x412CB2	STRICT_ACTUAL_RUNTIME	NO	0	0
담	U+B2F4	6	95E9	95	E9	2982	0xBA6	0x412C10	STRICT_ACTUAL_RUNTIME	NO	0	0
답	U+B2F5	4	95E3	95	E3	2976	0xBA0	0x412844	STRICT_ACTUAL_RUNTIME	NO	0	0
당	U+B2F9	50	95DE	95	DE	2971	0xB9B	0x41251A	STRICT_ACTUAL_RUNTIME	NO	0	0
닿	U+B2FF	2	95DC	95	DC	2969	0xB99	0x4123D6	STRICT_ACTUAL_RUNTIME	NO	0	0
대	U+B300	144	95DB	95	DB	2968	0xB98	0x412334	STRICT_ACTUAL_RUNTIME	NO	0	0
더	U+B354	22	95DA	95	DA	2967	0xB97	0x412292	STRICT_ACTUAL_RUNTIME	NO	0	0
덕	U+B355	5	95D8	95	D8	2965	0xB95	0x41214E	STRICT_ACTUAL_RUNTIME	NO	0	0
던	U+B358	37	95D6	95	D6	2963	0xB93	0x41200A	STRICT_ACTUAL_RUNTIME	NO	0	0
덟	U+B35F	3	95D1	95	D1	2958	0xB8E	0x411CE0	STRICT_ACTUAL_RUNTIME	NO	0	0
덤	U+B364	1	95CF	95	CF	2956	0xB8C	0x411B9C	STRICT_ACTUAL_RUNTIME	NO	0	0
데	U+B370	228	95CE	95	CE	2955	0xB8B	0x411AFA	STRICT_ACTUAL_RUNTIME	NO	0	0
도	U+B3C4	277	95CB	95	CB	2952	0xB88	0x411914	STRICT_ACTUAL_RUNTIME	NO	0	0
독	U+B3C5	1	95CA	95	CA	2951	0xB87	0x411872	STRICT_ACTUAL_RUNTIME	NO	0	0
돌	U+B3CC	21	95C9	95	C9	2950	0xB86	0x4117D0	STRICT_ACTUAL_RUNTIME	NO	0	0
돕	U+B3D5	2	95C8	95	C8	2949	0xB85	0x41172E	STRICT_ACTUAL_RUNTIME	NO	0	0
동	U+B3D9	22	95C6	95	C6	2947	0xB83	0x4115EA	STRICT_ACTUAL_RUNTIME	NO	0	0
돼	U+B3FC	11	95C5	95	C5	2946	0xB82	0x411548	STRICT_ACTUAL_RUNTIME	NO	0	0
됐	U+B410	24	95B5	95	B5	2930	0xB72	0x410B28	STRICT_ACTUAL_RUNTIME	NO	0	0
되	U+B418	41	95B4	95	B4	2929	0xB71	0x410A86	STRICT_ACTUAL_RUNTIME	NO	0	0
된	U+B41C	19	95B2	95	B2	2927	0xB6F	0x410942	STRICT_ACTUAL_RUNTIME	NO	0	0
될	U+B420	10	95B1	95	B1	2926	0xB6E	0x4108A0	STRICT_ACTUAL_RUNTIME	NO	0	0
됩	U+B429	2	95AF	95	AF	2924	0xB6C	0x41075C	STRICT_ACTUAL_RUNTIME	NO	0	0
두	U+B450	48	95AD	95	AD	2922	0xB6A	0x410618	STRICT_ACTUAL_RUNTIME	NO	0	0
둑	U+B451	1	95AC	95	AC	2921	0xB69	0x410576	STRICT_ACTUAL_RUNTIME	NO	0	0
둔	U+B454	2	95AB	95	AB	2920	0xB68	0x4104D4	STRICT_ACTUAL_RUNTIME	NO	0	0
둘	U+B458	8	95A5	95	A5	2914	0xB62	0x410108	STRICT_ACTUAL_RUNTIME	NO	0	0
둡	U+B461	1	95A4	95	A4	2913	0xB61	0x410066	STRICT_ACTUAL_RUNTIME	NO	0	0
뒤	U+B4A4	11	95A3	95	A3	2912	0xB60	0x40FFC4	STRICT_ACTUAL_RUNTIME	NO	0	0
뒷	U+B4B7	1	959B	95	9B	2904	0xB58	0x40FAB4	STRICT_ACTUAL_RUNTIME	NO	0	0
드	U+B4DC	14	958F	95	8F	2892	0xB4C	0x40F31C	STRICT_ACTUAL_RUNTIME	NO	0	0
득	U+B4DD	5	958B	95	8B	2888	0xB48	0x40F094	STRICT_ACTUAL_RUNTIME	NO	0	0
든	U+B4E0	26	958A	95	8A	2887	0xB47	0x40EFF2	STRICT_ACTUAL_RUNTIME	NO	0	0
듣	U+B4E3	4	9585	95	85	2882	0xB42	0x40ECC8	STRICT_ACTUAL_RUNTIME	NO	0	0
들	U+B4E4	200	9584	95	84	2881	0xB41	0x40EC26	STRICT_ACTUAL_RUNTIME	NO	0	0
디	U+B514	15	9583	95	83	2880	0xB40	0x40EB84	STRICT_ACTUAL_RUNTIME	NO	0	0
딘	U+B518	1	957E	95	7E	2876	0xB3C	0x40E8FC	STRICT_ACTUAL_RUNTIME	NO	0	0
딨	U+B528	2	957B	95	7B	2873	0xB39	0x40E716	STRICT_ACTUAL_RUNTIME	NO	0	0
따	U+B530	22	9579	95	79	2871	0xB37	0x40E5D2	STRICT_ACTUAL_RUNTIME	NO	0	0
딱	U+B531	5	9569	95	69	2855	0xB27	0x40DBB2	STRICT_ACTUAL_RUNTIME	NO	0	0
딴	U+B534	4	9565	95	65	2851	0xB23	0x40D92A	STRICT_ACTUAL_RUNTIME	NO	0	0
땅	U+B545	2	955F	95	5F	2845	0xB1D	0x40D55E	STRICT_ACTUAL_RUNTIME	NO	0	0
때	U+B54C	29	9554	95	54	2834	0xB12	0x40CE68	STRICT_ACTUAL_RUNTIME	NO	0	0
땐	U+B550	1	954C	95	4C	2826	0xB0A	0x40C958	STRICT_ACTUAL_RUNTIME	NO	0	0
떠	U+B5A0	10	9544	95	44	2818	0xB02	0x40C448	STRICT_ACTUAL_RUNTIME	NO	0	0
떡	U+B5A1	1	94F9	94	F9	2810	0xAFA	0x40BF38	STRICT_ACTUAL_RUNTIME	NO	0	0
떤	U+B5A4	4	94F8	94	F8	2809	0xAF9	0x40BE96	STRICT_ACTUAL_RUNTIME	NO	0	0
떨	U+B5A8	13	94F5	94	F5	2806	0xAF6	0x40BCB0	STRICT_ACTUAL_RUNTIME	NO	0	0
떻	U+B5BB	15	94F4	94	F4	2805	0xAF5	0x40BC0E	STRICT_ACTUAL_RUNTIME	NO	0	0
떼	U+B5BC	15	94EF	94	EF	2800	0xAF0	0x40B8E4	STRICT_ACTUAL_RUNTIME	NO	0	0
또	U+B610	15	94EE	94	EE	2799	0xAEF	0x40B842	STRICT_ACTUAL_RUNTIME	NO	0	0
똑	U+B611	2	94ED	94	ED	2798	0xAEE	0x40B7A0	STRICT_ACTUAL_RUNTIME	NO	0	0
뚜	U+B69C	1	94EC	94	EC	2797	0xAED	0x40B6FE	STRICT_ACTUAL_RUNTIME	NO	0	0
뚫	U+B6AB	1	94E9	94	E9	2794	0xAEA	0x40B518	STRICT_ACTUAL_RUNTIME	NO	0	0
뚱	U+B6B1	2	94E8	94	E8	2793	0xAE9	0x40B476	STRICT_ACTUAL_RUNTIME	NO	0	0
뛰	U+B6F0	1	94E7	94	E7	2792	0xAE8	0x40B3D4	STRICT_ACTUAL_RUNTIME	NO	0	0
뜨	U+B728	2	94E2	94	E2	2787	0xAE3	0x40B0AA	STRICT_ACTUAL_RUNTIME	NO	0	0
뜻	U+B73B	2	94E1	94	E1	2786	0xAE2	0x40B008	STRICT_ACTUAL_RUNTIME	NO	0	0
라	U+B77C	563	81EE	81	EE	173	0xAD	0x3A3A7E	STRICT_STAGE36R_VERIFIED	YES	0	0
락	U+B77D	3	94DF	94	DF	2784	0xAE0	0x40AEC4	STRICT_ACTUAL_RUNTIME	NO	0	0
란	U+B780	20	94DE	94	DE	2783	0xADF	0x40AE22	STRICT_ACTUAL_RUNTIME	NO	0	0
랄	U+B784	3	94DA	94	DA	2779	0xADB	0x40AB9A	STRICT_ACTUAL_RUNTIME	NO	0	0
람	U+B78C	55	94D7	94	D7	2776	0xAD8	0x40A9B4	STRICT_ACTUAL_RUNTIME	NO	0	0
랐	U+B790	4	94D4	94	D4	2773	0xAD5	0x40A7CE	STRICT_ACTUAL_RUNTIME	NO	0	0
랑	U+B791	7	94D1	94	D1	2770	0xAD2	0x40A5E8	STRICT_ACTUAL_RUNTIME	NO	0	0
래	U+B798	109	94CE	94	CE	2767	0xACF	0x40A402	STRICT_ACTUAL_RUNTIME	NO	0	0
랜	U+B79C	1	94CB	94	CB	2764	0xACC	0x40A21C	STRICT_ACTUAL_RUNTIME	NO	0	0
랬	U+B7AC	4	94CA	94	CA	2763	0xACB	0x40A17A	STRICT_ACTUAL_RUNTIME	NO	0	0
략	U+B7B5	2	94C9	94	C9	2762	0xACA	0x40A0D8	STRICT_ACTUAL_RUNTIME	NO	0	0
러	U+B7EC	86	94C8	94	C8	2761	0xAC9	0x40A036	STRICT_ACTUAL_RUNTIME	NO	0	0
런	U+B7F0	41	94C7	94	C7	2760	0xAC8	0x409F94	STRICT_ACTUAL_RUNTIME	NO	0	0
럴	U+B7F4	13	94C4	94	C4	2757	0xAC5	0x409DAE	STRICT_ACTUAL_RUNTIME	NO	0	0
럼	U+B7FC	38	94C0	94	C0	2753	0xAC1	0x409B26	STRICT_ACTUAL_RUNTIME	NO	0	0
럽	U+B7FD	5	94B8	94	B8	2745	0xAB9	0x409616	STRICT_ACTUAL_RUNTIME	NO	0	0
렀	U+B800	3	94B7	94	B7	2744	0xAB8	0x409574	STRICT_ACTUAL_RUNTIME	NO	0	0
렁	U+B801	3	94B6	94	B6	2743	0xAB7	0x4094D2	STRICT_ACTUAL_RUNTIME	NO	0	0
렇	U+B807	82	94B4	94	B4	2741	0xAB5	0x40938E	STRICT_ACTUAL_RUNTIME	NO	0	0
레	U+B808	4	94AF	94	AF	2736	0xAB0	0x409064	STRICT_ACTUAL_RUNTIME	NO	0	0
려	U+B824	56	94AE	94	AE	2735	0xAAF	0x408FC2	STRICT_ACTUAL_RUNTIME	NO	0	0
력	U+B825	15	94A7	94	A7	2728	0xAA8	0x408B54	STRICT_ACTUAL_RUNTIME	NO	0	0
련	U+B828	4	94A6	94	A6	2727	0xAA7	0x408AB2	STRICT_ACTUAL_RUNTIME	NO	0	0
렴	U+B834	1	94A4	94	A4	2725	0xAA5	0x40896E	STRICT_ACTUAL_RUNTIME	NO	0	0
렵	U+B835	1	94A3	94	A3	2724	0xAA4	0x4088CC	STRICT_ACTUAL_RUNTIME	NO	0	0
렷	U+B837	1	94A1	94	A1	2722	0xAA2	0x408788	STRICT_ACTUAL_RUNTIME	NO	0	0
렸	U+B838	17	94A0	94	A0	2721	0xAA1	0x4086E6	STRICT_ACTUAL_RUNTIME	NO	0	0
령	U+B839	5	9488	94	88	2697	0xA89	0x4077B6	STRICT_ACTUAL_RUNTIME	NO	0	0
례	U+B840	2	9485	94	85	2694	0xA86	0x4075D0	STRICT_ACTUAL_RUNTIME	NO	0	0
로	U+B85C	349	947E	94	7E	2688	0xA80	0x407204	STRICT_ACTUAL_RUNTIME	NO	0	0
록	U+B85D	13	947C	94	7C	2686	0xA7E	0x4070C0	STRICT_ACTUAL_RUNTIME	NO	0	0
론	U+B860	5	947A	94	7A	2684	0xA7C	0x406F7C	STRICT_ACTUAL_RUNTIME	NO	0	0
롭	U+B86D	6	9471	94	71	2675	0xA73	0x4069CA	STRICT_ACTUAL_RUNTIME	NO	0	0
료	U+B8CC	7	946B	94	6B	2669	0xA6D	0x4065FE	STRICT_ACTUAL_RUNTIME	NO	0	0
룡	U+B8E1	1	945E	94	5E	2656	0xA60	0x405DC4	STRICT_ACTUAL_RUNTIME	NO	0	0
루	U+B8E8	744	9457	94	57	2649	0xA59	0x405956	STRICT_ACTUAL_RUNTIME	NO	0	0
뤄	U+B904	1	9455	94	55	2647	0xA57	0x405812	STRICT_ACTUAL_RUNTIME	NO	0	0
류	U+B958	4	944C	94	4C	2638	0xA4E	0x405260	STRICT_ACTUAL_RUNTIME	NO	0	0
률	U+B960	1	9449	94	49	2635	0xA4B	0x40507A	STRICT_ACTUAL_RUNTIME	NO	0	0
륭	U+B96D	1	9447	94	47	2633	0xA49	0x404F36	STRICT_ACTUAL_RUNTIME	NO	0	0
르	U+B974	61	93FC	93	FC	2625	0xA41	0x404A26	STRICT_ACTUAL_RUNTIME	NO	0	0
른	U+B978	15	93F7	93	F7	2620	0xA3C	0x4046FC	STRICT_ACTUAL_RUNTIME	NO	0	0
를	U+B97C	110	93F6	93	F6	2619	0xA3B	0x40465A	STRICT_ACTUAL_RUNTIME	NO	0	0
름	U+B984	11	93EE	93	EE	2611	0xA33	0x40414A	STRICT_ACTUAL_RUNTIME	NO	0	0
릅	U+B985	1	93EA	93	EA	2607	0xA2F	0x403EC2	STRICT_ACTUAL_RUNTIME	NO	0	0
릉	U+B989	2	93DE	93	DE	2595	0xA23	0x40372A	STRICT_ACTUAL_RUNTIME	NO	0	0
리	U+B9AC	337	93D9	93	D9	2590	0xA1E	0x403400	STRICT_ACTUAL_RUNTIME	NO	0	0
린	U+B9B0	9	93D7	93	D7	2588	0xA1C	0x4032BC	STRICT_ACTUAL_RUNTIME	NO	0	0
릴	U+B9B4	11	93D5	93	D5	2586	0xA1A	0x403178	STRICT_ACTUAL_RUNTIME	NO	0	0
림	U+B9BC	12	93D3	93	D3	2584	0xA18	0x403034	STRICT_ACTUAL_RUNTIME	NO	0	0
립	U+B9BD	2	93D1	93	D1	2582	0xA16	0x402EF0	STRICT_ACTUAL_RUNTIME	NO	0	0
릿	U+B9BF	1	93CB	93	CB	2576	0xA10	0x402B24	STRICT_ACTUAL_RUNTIME	NO	0	0
마	U+B9C8	462	89BE	89	BE	683	0x2AB	0x3B7D3A	STRICT_ACTUAL_RUNTIME_REASSIGNED	NO	0	0
막	U+B9C9	19	93CA	93	CA	2575	0xA0F	0x402A82	STRICT_ACTUAL_RUNTIME	NO	0	0
만	U+B9CC	152	93C6	93	C6	2571	0xA0B	0x4027FA	STRICT_ACTUAL_RUNTIME	NO	0	0
많	U+B9CE	3	93C5	93	C5	2570	0xA0A	0x402758	STRICT_ACTUAL_RUNTIME	NO	0	0
말	U+B9D0	173	93C1	93	C1	2566	0xA06	0x4024D0	STRICT_ACTUAL_RUNTIME	NO	0	0
맘	U+B9D8	2	93BA	93	BA	2559	0x9FF	0x402062	STRICT_ACTUAL_RUNTIME	NO	0	0
망	U+B9DD	15	93AE	93	AE	2547	0x9F3	0x4018CA	STRICT_ACTUAL_RUNTIME	NO	0	0
맞	U+B9DE	6	93AC	93	AC	2545	0x9F1	0x401786	STRICT_ACTUAL_RUNTIME	NO	0	0
맡	U+B9E1	8	9391	93	91	2518	0x9D6	0x400670	STRICT_ACTUAL_RUNTIME	NO	0	0
매	U+B9E4	3	9384	93	84	2505	0x9C9	0x3FFE36	STRICT_ACTUAL_RUNTIME	NO	0	0
맨	U+B9E8	1	9379	93	79	2495	0x9BF	0x3FF7E2	STRICT_ACTUAL_RUNTIME	NO	0	0
맹	U+B9F9	3	9366	93	66	2476	0x9AC	0x3FEBDC	STRICT_ACTUAL_RUNTIME	NO	0	0
머	U+BA38	14	935C	93	5C	2466	0x9A2	0x3FE588	STRICT_ACTUAL_RUNTIME	NO	0	0
먹	U+BA39	2	935A	93	5A	2464	0x9A0	0x3FE444	STRICT_ACTUAL_RUNTIME	NO	0	0
먼	U+BA3C	5	9357	93	57	2461	0x99D	0x3FE25E	STRICT_ACTUAL_RUNTIME	NO	0	0
멈	U+BA48	2	92F5	92	F5	2430	0x97E	0x3FCEC0	STRICT_ACTUAL_RUNTIME	NO	0	0
멋	U+BA4B	5	92F4	92	F4	2429	0x97D	0x3FCE1E	STRICT_ACTUAL_RUNTIME	NO	0	0
메	U+BA54	142	92EE	92	EE	2423	0x977	0x3FCA52	STRICT_ACTUAL_RUNTIME	NO	0	0
멤	U+BA64	1	92DE	92	DE	2407	0x967	0x3FC032	STRICT_ACTUAL_RUNTIME	NO	0	0
며	U+BA70	5	92D5	92	D5	2398	0x95E	0x3FBA80	STRICT_ACTUAL_RUNTIME	NO	0	0
면	U+BA74	109	92C6	92	C6	2383	0x94F	0x3FB102	STRICT_ACTUAL_RUNTIME	NO	0	0
멸	U+BA78	11	92BD	92	BD	2374	0x946	0x3FAB50	STRICT_ACTUAL_RUNTIME	NO	0	0
명	U+BA85	26	92AB	92	AB	2356	0x934	0x3F9FEC	STRICT_ACTUAL_RUNTIME	NO	0	0
몇	U+BA87	4	92A7	92	A7	2352	0x930	0x3F9D64	STRICT_ACTUAL_RUNTIME	NO	0	0
모	U+BAA8	72	92A5	92	A5	2350	0x92E	0x3F9C20	STRICT_ACTUAL_RUNTIME	NO	0	0
목	U+BAA9	10	9285	92	85	2318	0x90E	0x3F87E0	STRICT_ACTUAL_RUNTIME	NO	0	0
몰	U+BAB0	10	9281	92	81	2314	0x90A	0x3F8558	STRICT_ACTUAL_RUNTIME	NO	0	0
몸	U+BAB8	6	926A	92	6A	2292	0x8F4	0x3F776C	STRICT_ACTUAL_RUNTIME	NO	0	0
못	U+BABB	24	9267	92	67	2289	0x8F1	0x3F7586	STRICT_ACTUAL_RUNTIME	NO	0	0
묘	U+BB18	2	9266	92	66	2288	0x8F0	0x3F74E4	STRICT_ACTUAL_RUNTIME	NO	0	0
무	U+BB34	146	9248	92	48	2258	0x8D2	0x3F61E8	STRICT_ACTUAL_RUNTIME	NO	0	0
문	U+BB38	16	91F7	91	F7	2244	0x8C4	0x3F590C	STRICT_ACTUAL_RUNTIME	NO	0	0
묻	U+BB3B	2	91F4	91	F4	2241	0x8C1	0x3F5726	STRICT_ACTUAL_RUNTIME	NO	0	0
물	U+BB3C	33	91F2	91	F2	2239	0x8BF	0x3F55E2	STRICT_ACTUAL_RUNTIME	NO	0	0
뭇	U+BB47	62	91EC	91	EC	2233	0x8B9	0x3F5216	STRICT_ACTUAL_RUNTIME	NO	0	0
뭐	U+BB50	112	91EB	91	EB	2232	0x8B8	0x3F5174	STRICT_ACTUAL_RUNTIME	NO	0	0
뭔	U+BB54	19	91E8	91	E8	2229	0x8B5	0x3F4F8E	STRICT_ACTUAL_RUNTIME	NO	0	0
뭘	U+BB58	18	91E0	91	E0	2221	0x8AD	0x3F4A7E	STRICT_ACTUAL_RUNTIME	NO	0	0
미	U+BBF8	211	91DE	91	DE	2219	0x8AB	0x3F493A	STRICT_ACTUAL_RUNTIME	NO	0	0
민	U+BBFC	3	91DA	91	DA	2215	0x8A7	0x3F46B2	STRICT_ACTUAL_RUNTIME	NO	0	0
믿	U+BBFF	12	91D7	91	D7	2212	0x8A4	0x3F44CC	STRICT_ACTUAL_RUNTIME	NO	0	0
밀	U+BC00	1	91D6	91	D6	2211	0x8A3	0x3F442A	STRICT_ACTUAL_RUNTIME	NO	0	0
밉	U+BC09	2	91D4	91	D4	2209	0x8A1	0x3F42E6	STRICT_ACTUAL_RUNTIME	NO	0	0
밌	U+BC0C	1	91D2	91	D2	2207	0x89F	0x3F41A2	STRICT_ACTUAL_RUNTIME	NO	0	0
바	U+BC14	44	91D1	91	D1	2206	0x89E	0x3F4100	STRICT_ACTUAL_RUNTIME	NO	0	0
박	U+BC15	8	91D0	91	D0	2205	0x89D	0x3F405E	STRICT_ACTUAL_RUNTIME	NO	0	0
밖	U+BC16	7	91CD	91	CD	2202	0x89A	0x3F3E78	STRICT_ACTUAL_RUNTIME	NO	0	0
반	U+BC18	12	91CB	91	CB	2200	0x898	0x3F3D34	STRICT_ACTUAL_RUNTIME	NO	0	0
받	U+BC1B	19	91CA	91	CA	2199	0x897	0x3F3C92	STRICT_ACTUAL_RUNTIME	NO	0	0
발	U+BC1C	7	91C7	91	C7	2196	0x894	0x3F3AAC	STRICT_ACTUAL_RUNTIME	NO	0	0
방	U+BC29	38	91C6	91	C6	2195	0x893	0x3F3A0A	STRICT_ACTUAL_RUNTIME	NO	0	0
밭	U+BC2D	1	91C4	91	C4	2193	0x891	0x3F38C6	STRICT_ACTUAL_RUNTIME	NO	0	0
배	U+BC30	5	91C3	91	C3	2192	0x890	0x3F3824	STRICT_ACTUAL_RUNTIME	NO	0	0
백	U+BC31	5	91BE	91	BE	2187	0x88B	0x3F34FA	STRICT_ACTUAL_RUNTIME	NO	0	0
버	U+BC84	31	91BD	91	BD	2186	0x88A	0x3F3458	STRICT_ACTUAL_RUNTIME	NO	0	0
번	U+BC88	26	91BC	91	BC	2185	0x889	0x3F33B6	STRICT_ACTUAL_RUNTIME	NO	0	0
벌	U+BC8C	4	91BB	91	BB	2184	0x888	0x3F3314	STRICT_ACTUAL_RUNTIME	NO	0	0
범	U+BC94	10	91B9	91	B9	2182	0x886	0x3F31D0	STRICT_ACTUAL_RUNTIME	NO	0	0
법	U+BC95	12	91B7	91	B7	2180	0x884	0x3F308C	STRICT_ACTUAL_RUNTIME	NO	0	0
벗	U+BC97	3	91B2	91	B2	2175	0x87F	0x3F2D62	STRICT_ACTUAL_RUNTIME	NO	0	0
벨	U+BCA8	1	91B1	91	B1	2174	0x87E	0x3F2CC0	STRICT_ACTUAL_RUNTIME	NO	0	0
벼	U+BCBC	1	91AF	91	AF	2172	0x87C	0x3F2B7C	STRICT_ACTUAL_RUNTIME	NO	0	0
변	U+BCC0	5	91AE	91	AE	2171	0x87B	0x3F2ADA	STRICT_ACTUAL_RUNTIME	NO	0	0
별	U+BCC4	18	91AC	91	AC	2169	0x879	0x3F2996	STRICT_ACTUAL_RUNTIME	NO	0	0
병	U+BCD1	21	91AB	91	AB	2168	0x878	0x3F28F4	STRICT_ACTUAL_RUNTIME	NO	0	0
보	U+BCF4	84	91AA	91	AA	2167	0x877	0x3F2852	STRICT_ACTUAL_RUNTIME	NO	0	0
복	U+BCF5	32	91A7	91	A7	2164	0x874	0x3F266C	STRICT_ACTUAL_RUNTIME	NO	0	0
본	U+BCF8	11	91A6	91	A6	2163	0x873	0x3F25CA	STRICT_ACTUAL_RUNTIME	NO	0	0
볼	U+BCFC	7	91A1	91	A1	2158	0x86E	0x3F22A0	STRICT_ACTUAL_RUNTIME	NO	0	0
봉	U+BD09	15	91A0	91	A0	2157	0x86D	0x3F21FE	STRICT_ACTUAL_RUNTIME	NO	0	0
봐	U+BD10	11	919E	91	9E	2155	0x86B	0x3F20BA	STRICT_ACTUAL_RUNTIME	NO	0	0
봤	U+BD24	7	918C	91	8C	2137	0x859	0x3F1556	STRICT_ACTUAL_RUNTIME	NO	0	0
봬	U+BD2C	1	918A	91	8A	2135	0x857	0x3F1412	STRICT_ACTUAL_RUNTIME	NO	0	0
부	U+BD80	183	9182	91	82	2127	0x84F	0x3F0F02	STRICT_ACTUAL_RUNTIME	NO	0	0
분	U+BD84	39	9181	91	81	2126	0x84E	0x3F0E60	STRICT_ACTUAL_RUNTIME	NO	0	0
불	U+BD88	15	9179	91	79	2119	0x847	0x3F09F2	STRICT_ACTUAL_RUNTIME	NO	0	0
붙	U+BD99	1	9175	91	75	2115	0x843	0x3F076A	STRICT_ACTUAL_RUNTIME	NO	0	0
비	U+BE44	15	916F	91	6F	2109	0x83D	0x3F039E	STRICT_ACTUAL_RUNTIME	NO	0	0
빈	U+BE48	1	9165	91	65	2099	0x833	0x3EFD4A	STRICT_ACTUAL_RUNTIME	NO	0	0
빌	U+BE4C	7	915F	91	5F	2093	0x82D	0x3EF97E	STRICT_ACTUAL_RUNTIME	NO	0	0
빚	U+BE5A	1	915A	91	5A	2088	0x828	0x3EF654	STRICT_ACTUAL_RUNTIME	NO	0	0
빛	U+BE5B	2	9158	91	58	2086	0x826	0x3EF510	STRICT_ACTUAL_RUNTIME	NO	0	0
빠	U+BE60	8	9157	91	57	2085	0x825	0x3EF46E	STRICT_ACTUAL_RUNTIME	NO	0	0
빨	U+BE68	25	9150	91	50	2078	0x81E	0x3EF000	STRICT_ACTUAL_RUNTIME	NO	0	0
빼	U+BE7C	6	914F	91	4F	2077	0x81D	0x3EEF5E	STRICT_ACTUAL_RUNTIME	NO	0	0
뺏	U+BE8F	1	914B	91	4B	2073	0x819	0x3EECD6	STRICT_ACTUAL_RUNTIME	NO	0	0
뻐	U+BED0	5	9142	91	42	2064	0x810	0x3EE724	STRICT_ACTUAL_RUNTIME	NO	0	0
뻔	U+BED4	1	90F4	90	F4	2053	0x805	0x3EE02E	STRICT_ACTUAL_RUNTIME	NO	0	0
뿌	U+BFCC	1	90F1	90	F1	2050	0x802	0x3EDE48	STRICT_ACTUAL_RUNTIME	NO	0	0
뿐	U+BFD0	10	90EE	90	EE	2047	0x7FF	0x3EDC62	STRICT_ACTUAL_RUNTIME	NO	0	0
뿔	U+BFD4	2	90E8	90	E8	2041	0x7F9	0x3ED896	STRICT_ACTUAL_RUNTIME	NO	0	0
쁘	U+C058	5	90E6	90	E6	2039	0x7F7	0x3ED752	STRICT_ACTUAL_RUNTIME	NO	0	0
쁜	U+C05C	3	90DC	90	DC	2029	0x7ED	0x3ED0FE	STRICT_ACTUAL_RUNTIME	NO	0	0
사	U+C0AC	262	90CE	90	CE	2015	0x7DF	0x3EC822	STRICT_ACTUAL_RUNTIME	NO	0	0
산	U+C0B0	2	90CB	90	CB	2012	0x7DC	0x3EC63C	STRICT_ACTUAL_RUNTIME	NO	0	0
살	U+C0B4	8	90C7	90	C7	2008	0x7D8	0x3EC3B4	STRICT_ACTUAL_RUNTIME	NO	0	0
삼	U+C0BC	3	90C4	90	C4	2005	0x7D5	0x3EC1CE	STRICT_ACTUAL_RUNTIME	NO	0	0
상	U+C0C1	83	90BA	90	BA	1995	0x7CB	0x3EBB7A	STRICT_ACTUAL_RUNTIME	NO	0	0
새	U+C0C8	4	90B8	90	B8	1993	0x7C9	0x3EBA36	STRICT_ACTUAL_RUNTIME	NO	0	0
생	U+C0DD	103	90B5	90	B5	1990	0x7C6	0x3EB850	STRICT_ACTUAL_RUNTIME	NO	0	0
서	U+C11C	202	90B0	90	B0	1985	0x7C1	0x3EB526	STRICT_ACTUAL_RUNTIME	NO	0	0
석	U+C11D	56	90AF	90	AF	1984	0x7C0	0x3EB484	STRICT_ACTUAL_RUNTIME	NO	0	0
선	U+C120	61	90AB	90	AB	1980	0x7BC	0x3EB1FC	STRICT_ACTUAL_RUNTIME	NO	0	0
설	U+C124	17	90A9	90	A9	1978	0x7BA	0x3EB0B8	STRICT_ACTUAL_RUNTIME	NO	0	0
섭	U+C12D	1	90A0	90	A0	1969	0x7B1	0x3EAB06	STRICT_ACTUAL_RUNTIME	NO	0	0
성	U+C131	116	9098	90	98	1961	0x7A9	0x3EA5F6	STRICT_ACTUAL_RUNTIME	NO	0	0
세	U+C138	26	907E	90	7E	1936	0x790	0x3E9624	STRICT_ACTUAL_RUNTIME	NO	0	0
셈	U+C148	2	905C	90	5C	1902	0x76E	0x3E80A0	STRICT_ACTUAL_RUNTIME	NO	0	0
셋	U+C14B	2	905B	90	5B	1901	0x76D	0x3E7FFE	STRICT_ACTUAL_RUNTIME	NO	0	0
셔	U+C154	2	905A	90	5A	1900	0x76C	0x3E7F5C	STRICT_ACTUAL_RUNTIME	NO	0	0
션	U+C158	1	9051	90	51	1891	0x763	0x3E79AA	STRICT_ACTUAL_RUNTIME	NO	0	0
셨	U+C168	7	904A	90	4A	1884	0x75C	0x3E753C	STRICT_ACTUAL_RUNTIME	NO	0	0
소	U+C18C	68	8FFA	8F	FA	1871	0x74F	0x3E6D02	STRICT_ACTUAL_RUNTIME	NO	0	0
속	U+C18D	34	8FF8	8F	F8	1869	0x74D	0x3E6BBE	STRICT_ACTUAL_RUNTIME	NO	0	0
손	U+C190	8	8FF5	8F	F5	1866	0x74A	0x3E69D8	STRICT_ACTUAL_RUNTIME	NO	0	0
솔	U+C194	2	8FF4	8F	F4	1865	0x749	0x3E6936	STRICT_ACTUAL_RUNTIME	NO	0	0
송	U+C1A1	6	8FEF	8F	EF	1860	0x744	0x3E660C	STRICT_ACTUAL_RUNTIME	NO	0	0
수	U+C218	120	8FEE	8F	EE	1859	0x743	0x3E656A	STRICT_ACTUAL_RUNTIME	NO	0	0
숙	U+C219	1	8FEB	8F	EB	1856	0x740	0x3E6384	STRICT_ACTUAL_RUNTIME	NO	0	0
순	U+C21C	9	8FEA	8F	EA	1855	0x73F	0x3E62E2	STRICT_ACTUAL_RUNTIME	NO	0	0
술	U+C220	18	8FE9	8F	E9	1854	0x73E	0x3E6240	STRICT_ACTUAL_RUNTIME	NO	0	0
숨	U+C228	3	8FE8	8F	E8	1853	0x73D	0x3E619E	STRICT_ACTUAL_RUNTIME	NO	0	0
숴	U+C234	1	8FE6	8F	E6	1851	0x73B	0x3E605A	STRICT_ACTUAL_RUNTIME	NO	0	0
쉬	U+C26C	1	8FE4	8F	E4	1849	0x739	0x3E5F16	STRICT_ACTUAL_RUNTIME	NO	0	0
쉽	U+C27D	5	8FE2	8F	E2	1847	0x737	0x3E5DD2	STRICT_ACTUAL_RUNTIME	NO	0	0
스	U+C2A4	193	89BC	89	BC	681	0x2A9	0x3B7BF6	STRICT_ACTUAL_RUNTIME_REASSIGNED	NO	0	0
슨	U+C2A8	33	8FDF	8F	DF	1844	0x734	0x3E5BEC	STRICT_ACTUAL_RUNTIME	NO	0	0
슬	U+C2AC	20	8FDE	8F	DE	1843	0x733	0x3E5B4A	STRICT_ACTUAL_RUNTIME	NO	0	0
슴	U+C2B4	1	8FDC	8F	DC	1841	0x731	0x3E5A06	STRICT_ACTUAL_RUNTIME	NO	0	0
습	U+C2B5	49	8FDA	8F	DA	1839	0x72F	0x3E58C2	STRICT_ACTUAL_RUNTIME	NO	0	0
승	U+C2B9	8	8FD7	8F	D7	1836	0x72C	0x3E56DC	STRICT_ACTUAL_RUNTIME	NO	0	0
시	U+C2DC	466	8FD4	8F	D4	1833	0x729	0x3E54F6	STRICT_ACTUAL_RUNTIME	NO	0	0
식	U+C2DD	14	8FD3	8F	D3	1832	0x728	0x3E5454	STRICT_ACTUAL_RUNTIME	NO	0	0
신	U+C2E0	56	8FD2	8F	D2	1831	0x727	0x3E53B2	STRICT_ACTUAL_RUNTIME	NO	0	0
실	U+C2E4	36	8FD1	8F	D1	1830	0x726	0x3E5310	STRICT_ACTUAL_RUNTIME	NO	0	0
심	U+C2EC	20	8FCD	8F	CD	1826	0x722	0x3E5088	STRICT_ACTUAL_RUNTIME	NO	0	0
십	U+C2ED	12	8FCC	8F	CC	1825	0x721	0x3E4FE6	STRICT_ACTUAL_RUNTIME	NO	0	0
싶	U+C2F6	17	8FCB	8F	CB	1824	0x720	0x3E4F44	STRICT_ACTUAL_RUNTIME	NO	0	0
싸	U+C2F8	8	8FCA	8F	CA	1823	0x71F	0x3E4EA2	STRICT_ACTUAL_RUNTIME	NO	0	0
쌍	U+C30D	1	8FC9	8F	C9	1822	0x71E	0x3E4E00	STRICT_ACTUAL_RUNTIME	NO	0	0
쌓	U+C313	1	8FC8	8F	C8	1821	0x71D	0x3E4D5E	STRICT_ACTUAL_RUNTIME	NO	0	0
써	U+C368	5	8FC4	8F	C4	1817	0x719	0x3E4AD6	STRICT_ACTUAL_RUNTIME	NO	0	0
썹	U+C379	3	8FC0	8F	C0	1813	0x715	0x3E484E	STRICT_ACTUAL_RUNTIME	NO	0	0
썼	U+C37C	1	8FBF	8F	BF	1812	0x714	0x3E47AC	STRICT_ACTUAL_RUNTIME	NO	0	0
쎄	U+C384	1	8FBB	8F	BB	1808	0x710	0x3E4524	STRICT_ACTUAL_RUNTIME	NO	0	0
쑥	U+C465	1	8FBA	8F	BA	1807	0x70F	0x3E4482	STRICT_ACTUAL_RUNTIME	NO	0	0
쓰	U+C4F0	15	8FB9	8F	B9	1806	0x70E	0x3E43E0	STRICT_ACTUAL_RUNTIME	NO	0	0
쓴	U+C4F4	1	8FB8	8F	B8	1805	0x70D	0x3E433E	STRICT_ACTUAL_RUNTIME	NO	0	0
쓸	U+C4F8	3	8FB6	8F	B6	1803	0x70B	0x3E41FA	STRICT_ACTUAL_RUNTIME	NO	0	0
씀	U+C500	7	8FB2	8F	B2	1799	0x707	0x3E3F72	STRICT_ACTUAL_RUNTIME	NO	0	0
씨	U+C528	4	8FB1	8F	B1	1798	0x706	0x3E3ED0	STRICT_ACTUAL_RUNTIME	NO	0	0
씩	U+C529	1	8FB0	8F	B0	1797	0x705	0x3E3E2E	STRICT_ACTUAL_RUNTIME	NO	0	0
씬	U+C52C	1	8FAE	8F	AE	1795	0x703	0x3E3CEA	STRICT_ACTUAL_RUNTIME	NO	0	0
씻	U+C53B	1	8FAD	8F	AD	1794	0x702	0x3E3C48	STRICT_ACTUAL_RUNTIME	NO	0	0
아	U+C544	483	8FAC	8F	AC	1793	0x701	0x3E3BA6	STRICT_ACTUAL_RUNTIME	NO	0	0
악	U+C545	17	8FAB	8F	AB	1792	0x700	0x3E3B04	STRICT_ACTUAL_RUNTIME	NO	0	0
안	U+C548	122	8FA9	8F	A9	1790	0x6FE	0x3E39C0	STRICT_ACTUAL_RUNTIME	NO	0	0
않	U+C54A	85	8FA6	8F	A6	1787	0x6FB	0x3E37DA	STRICT_ACTUAL_RUNTIME	NO	0	0
알	U+C54C	34	8FA0	8F	A0	1781	0x6F5	0x3E340E	STRICT_ACTUAL_RUNTIME	NO	0	0
압	U+C555	1	8F9E	8F	9E	1779	0x6F3	0x3E32CA	STRICT_ACTUAL_RUNTIME	NO	0	0
앗	U+C557	8	8F9C	8F	9C	1777	0x6F1	0x3E3186	STRICT_ACTUAL_RUNTIME	NO	0	0
았	U+C558	59	8F97	8F	97	1772	0x6EC	0x3E2E5C	STRICT_ACTUAL_RUNTIME	NO	0	0
앙	U+C559	2	8F96	8F	96	1771	0x6EB	0x3E2DBA	STRICT_ACTUAL_RUNTIME	NO	0	0
앞	U+C55E	19	8F89	8F	89	1758	0x6DE	0x3E2580	STRICT_ACTUAL_RUNTIME	NO	0	0
애	U+C560	18	8F85	8F	85	1754	0x6DA	0x3E22F8	STRICT_ACTUAL_RUNTIME	NO	0	0
앨	U+C568	1	8F7B	8F	7B	1745	0x6D1	0x3E1D46	STRICT_ACTUAL_RUNTIME	NO	0	0
야	U+C57C	408	8F79	8F	79	1743	0x6CF	0x3E1C02	STRICT_ACTUAL_RUNTIME	NO	0	0
약	U+C57D	14	8F6B	8F	6B	1729	0x6C1	0x3E1326	STRICT_ACTUAL_RUNTIME	NO	0	0
양	U+C591	19	8F67	8F	67	1725	0x6BD	0x3E109E	STRICT_ACTUAL_RUNTIME	NO	0	0
얘	U+C598	15	8F65	8F	65	1723	0x6BB	0x3E0F5A	STRICT_ACTUAL_RUNTIME	NO	0	0
어	U+C5B4	328	8F5F	8F	5F	1717	0x6B5	0x3E0B8E	STRICT_ACTUAL_RUNTIME	NO	0	0
억	U+C5B5	15	8F5C	8F	5C	1714	0x6B2	0x3E09A8	STRICT_ACTUAL_RUNTIME	NO	0	0
언	U+C5B8	12	8F5B	8F	5B	1713	0x6B1	0x3E0906	STRICT_ACTUAL_RUNTIME	NO	0	0
얻	U+C5BB	1	8F59	8F	59	1711	0x6AF	0x3E07C2	STRICT_ACTUAL_RUNTIME	NO	0	0
얼	U+C5BC	18	8F56	8F	56	1708	0x6AC	0x3E05DC	STRICT_ACTUAL_RUNTIME	NO	0	0
얽	U+C5BD	3	8F54	8F	54	1706	0x6AA	0x3E0498	STRICT_ACTUAL_RUNTIME	NO	0	0
업	U+C5C5	2	8F51	8F	51	1703	0x6A7	0x3E02B2	STRICT_ACTUAL_RUNTIME	NO	0	0
없	U+C5C6	130	8F4B	8F	4B	1697	0x6A1	0x3DFEE6	STRICT_ACTUAL_RUNTIME	NO	0	0
었	U+C5C8	52	8F45	8F	45	1691	0x69B	0x3DFB1A	STRICT_ACTUAL_RUNTIME	NO	0	0
엉	U+C5C9	1	8EFA	8E	FA	1683	0x693	0x3DF60A	STRICT_ACTUAL_RUNTIME	NO	0	0
에	U+C5D0	253	8EF4	8E	F4	1677	0x68D	0x3DF23E	STRICT_ACTUAL_RUNTIME	NO	0	0
엔	U+C5D4	7	8EEF	8E	EF	1672	0x688	0x3DEF14	STRICT_ACTUAL_RUNTIME	NO	0	0
엣	U+C5E3	1	8EEE	8E	EE	1671	0x687	0x3DEE72	STRICT_ACTUAL_RUNTIME	NO	0	0
엥	U+C5E5	2	8EE8	8E	E8	1665	0x681	0x3DEAA6	STRICT_ACTUAL_RUNTIME	NO	0	0
여	U+C5EC	116	8EE6	8E	E6	1663	0x67F	0x3DE962	STRICT_ACTUAL_RUNTIME	NO	0	0
역	U+C5ED	23	8EE1	8E	E1	1658	0x67A	0x3DE638	STRICT_ACTUAL_RUNTIME	NO	0	0
연	U+C5F0	26	8EDF	8E	DF	1656	0x678	0x3DE4F4	STRICT_ACTUAL_RUNTIME	NO	0	0
열	U+C5F4	5	8EDE	8E	DE	1655	0x677	0x3DE452	STRICT_ACTUAL_RUNTIME	NO	0	0
염	U+C5FC	1	8EDC	8E	DC	1653	0x675	0x3DE30E	STRICT_ACTUAL_RUNTIME	NO	0	0
였	U+C600	9	8ED9	8E	D9	1650	0x672	0x3DE128	STRICT_ACTUAL_RUNTIME	NO	0	0
영	U+C601	36	8ED8	8E	D8	1649	0x671	0x3DE086	STRICT_ACTUAL_RUNTIME	NO	0	0
예	U+C608	17	8ED6	8E	D6	1647	0x66F	0x3DDF42	STRICT_ACTUAL_RUNTIME	NO	0	0
옛	U+C61B	10	8ED4	8E	D4	1645	0x66D	0x3DDDFE	STRICT_ACTUAL_RUNTIME	NO	0	0
오	U+C624	242	8ECE	8E	CE	1639	0x667	0x3DDA32	STRICT_ACTUAL_RUNTIME	NO	0	0
온	U+C628	21	8ECD	8E	CD	1638	0x666	0x3DD990	STRICT_ACTUAL_RUNTIME	NO	0	0
올	U+C62C	11	8ECC	8E	CC	1637	0x665	0x3DD8EE	STRICT_ACTUAL_RUNTIME	NO	0	0
옵	U+C635	1	8EC8	8E	C8	1633	0x661	0x3DD666	STRICT_ACTUAL_RUNTIME	NO	0	0
옷	U+C637	2	8EC5	8E	C5	1630	0x65E	0x3DD480	STRICT_ACTUAL_RUNTIME	NO	0	0
와	U+C640	38	8EC1	8E	C1	1626	0x65A	0x3DD1F8	STRICT_ACTUAL_RUNTIME	NO	0	0
완	U+C644	4	8EBB	8E	BB	1620	0x654	0x3DCE2C	STRICT_ACTUAL_RUNTIME	NO	0	0
왔	U+C654	20	8EB9	8E	B9	1618	0x652	0x3DCCE8	STRICT_ACTUAL_RUNTIME	NO	0	0
왕	U+C655	1	8EB7	8E	B7	1616	0x650	0x3DCBA4	STRICT_ACTUAL_RUNTIME	NO	0	0
왜	U+C65C	27	8EB6	8E	B6	1615	0x64F	0x3DCB02	STRICT_ACTUAL_RUNTIME	NO	0	0
왠	U+C660	2	8EB5	8E	B5	1614	0x64E	0x3DCA60	STRICT_ACTUAL_RUNTIME	NO	0	0
외	U+C678	4	8EB4	8E	B4	1613	0x64D	0x3DC9BE	STRICT_ACTUAL_RUNTIME	NO	0	0
요	U+C694	101	8EB0	8E	B0	1609	0x649	0x3DC736	STRICT_ACTUAL_RUNTIME	NO	0	0
용	U+C6A9	36	8EAF	8E	AF	1608	0x648	0x3DC694	STRICT_ACTUAL_RUNTIME	NO	0	0
우	U+C6B0	73	8EAE	8E	AE	1607	0x647	0x3DC5F2	STRICT_ACTUAL_RUNTIME	NO	0	0
욱	U+C6B1	2	8EAD	8E	AD	1606	0x646	0x3DC550	STRICT_ACTUAL_RUNTIME	NO	0	0
운	U+C6B4	15	8EAB	8E	AB	1604	0x644	0x3DC40C	STRICT_ACTUAL_RUNTIME	NO	0	0
울	U+C6B8	10	8EA9	8E	A9	1602	0x642	0x3DC2C8	STRICT_ACTUAL_RUNTIME	NO	0	0
움	U+C6C0	20	8EA8	8E	A8	1601	0x641	0x3DC226	STRICT_ACTUAL_RUNTIME	NO	0	0
웃	U+C6C3	6	8EA5	8E	A5	1598	0x63E	0x3DC040	STRICT_ACTUAL_RUNTIME	NO	0	0
웅	U+C6C5	1	8EA4	8E	A4	1597	0x63D	0x3DBF9E	STRICT_ACTUAL_RUNTIME	NO	0	0
워	U+C6CC	32	8E9B	8E	9B	1588	0x634	0x3DB9EC	STRICT_ACTUAL_RUNTIME	NO	0	0
원	U+C6D0	22	8E9A	8E	9A	1587	0x633	0x3DB94A	STRICT_ACTUAL_RUNTIME	NO	0	0
웠	U+C6E0	6	8E95	8E	95	1582	0x62E	0x3DB620	STRICT_ACTUAL_RUNTIME	NO	0	0
위	U+C704	44	8E7E	8E	7E	1560	0x618	0x3DA834	STRICT_ACTUAL_RUNTIME	NO	0	0
윌	U+C70C	1	8E7C	8E	7C	1558	0x616	0x3DA6F0	STRICT_ACTUAL_RUNTIME	NO	0	0
유	U+C720	9	8E71	8E	71	1547	0x60B	0x3D9FFA	STRICT_ACTUAL_RUNTIME	NO	0	0
육	U+C721	3	8E6B	8E	6B	1541	0x605	0x3D9C2E	STRICT_ACTUAL_RUNTIME	NO	0	0
으	U+C73C	172	8E6A	8E	6A	1540	0x604	0x3D9B8C	STRICT_ACTUAL_RUNTIME	NO	0	0
윽	U+C73D	2	8E65	8E	65	1535	0x5FF	0x3D9862	STRICT_ACTUAL_RUNTIME	NO	0	0
은	U+C740	216	8E5E	8E	5E	1528	0x5F8	0x3D93F4	STRICT_ACTUAL_RUNTIME	NO	0	0
을	U+C744	391	8E5C	8E	5C	1526	0x5F6	0x3D92B0	STRICT_ACTUAL_RUNTIME	NO	0	0
음	U+C74C	47	8E57	8E	57	1521	0x5F1	0x3D8F86	STRICT_ACTUAL_RUNTIME	NO	0	0
응	U+C751	34	8E4E	8E	4E	1512	0x5E8	0x3D89D4	STRICT_ACTUAL_RUNTIME	NO	0	0
의	U+C758	194	8E47	8E	47	1505	0x5E1	0x3D8566	STRICT_ACTUAL_RUNTIME	NO	0	0
이	U+C774	1105	8E41	8E	41	1499	0x5DB	0x3D819A	STRICT_ACTUAL_RUNTIME	NO	0	0
익	U+C775	3	8DF7	8D	F7	1492	0x5D4	0x3D7D2C	STRICT_ACTUAL_RUNTIME	NO	0	0
인	U+C778	64	8DF6	8D	F6	1491	0x5D3	0x3D7C8A	STRICT_ACTUAL_RUNTIME	NO	0	0
일	U+C77C	78	8DEC	8D	EC	1481	0x5C9	0x3D7636	STRICT_ACTUAL_RUNTIME	NO	0	0
읽	U+C77D	1	8DEB	8D	EB	1480	0x5C8	0x3D7594	STRICT_ACTUAL_RUNTIME	NO	0	0
잃	U+C783	5	8DEA	8D	EA	1479	0x5C7	0x3D74F2	STRICT_ACTUAL_RUNTIME	NO	0	0
임	U+C784	14	8DE9	8D	E9	1478	0x5C6	0x3D7450	STRICT_ACTUAL_RUNTIME	NO	0	0
입	U+C785	21	8DDF	8D	DF	1468	0x5BC	0x3D6DFC	STRICT_ACTUAL_RUNTIME	NO	0	0
있	U+C788	180	8DDD	8D	DD	1466	0x5BA	0x3D6CB8	STRICT_ACTUAL_RUNTIME	NO	0	0
잊	U+C78A	10	8DDC	8D	DC	1465	0x5B9	0x3D6C16	STRICT_ACTUAL_RUNTIME	NO	0	0
잎	U+C78E	62	8DC9	8D	C9	1446	0x5A6	0x3D6010	STRICT_ACTUAL_RUNTIME	NO	0	0
자	U+C790	139	8DC8	8D	C8	1445	0x5A5	0x3D5F6E	STRICT_ACTUAL_RUNTIME	NO	0	0
작	U+C791	16	8DC6	8D	C6	1443	0x5A3	0x3D5E2A	STRICT_ACTUAL_RUNTIME	NO	0	0
잔	U+C794	4	8DBD	8D	BD	1434	0x59A	0x3D5878	STRICT_ACTUAL_RUNTIME	NO	0	0
잖	U+C796	32	8DB8	8D	B8	1429	0x595	0x3D554E	STRICT_ACTUAL_RUNTIME	NO	0	0
잘	U+C798	28	8DB6	8D	B6	1427	0x593	0x3D540A	STRICT_ACTUAL_RUNTIME	NO	0	0
잠	U+C7A0	15	8DB1	8D	B1	1422	0x58E	0x3D50E0	STRICT_ACTUAL_RUNTIME	NO	0	0
잡	U+C7A1	5	8DAC	8D	AC	1417	0x589	0x3D4DB6	STRICT_ACTUAL_RUNTIME	NO	0	0
장	U+C7A5	73	8DA3	8D	A3	1408	0x580	0x3D4804	STRICT_ACTUAL_RUNTIME	NO	0	0
재	U+C7AC	12	8DA2	8D	A2	1407	0x57F	0x3D4762	STRICT_ACTUAL_RUNTIME	NO	0	0
저	U+C800	151	8D9E	8D	9E	1403	0x57B	0x3D44DA	STRICT_ACTUAL_RUNTIME	NO	0	0
적	U+C801	54	8D95	8D	95	1394	0x572	0x3D3F28	STRICT_ACTUAL_RUNTIME	NO	0	0
전	U+C804	62	8D57	8D	57	1333	0x535	0x3D188E	STRICT_ACTUAL_RUNTIME	NO	0	0
절	U+C808	20	8CFA	8C	FA	1307	0x51B	0x3D081A	STRICT_ACTUAL_RUNTIME	NO	0	0
점	U+C810	3	8CF9	8C	F9	1306	0x51A	0x3D0778	STRICT_ACTUAL_RUNTIME	NO	0	0
접	U+C811	3	8CF8	8C	F8	1305	0x519	0x3D06D6	STRICT_ACTUAL_RUNTIME	NO	0	0
정	U+C815	86	8CF7	8C	F7	1304	0x518	0x3D0634	STRICT_ACTUAL_RUNTIME	NO	0	0
제	U+C81C	48	8CF5	8C	F5	1302	0x516	0x3D04F0	STRICT_ACTUAL_RUNTIME	NO	0	0
젠	U+C820	18	8CF3	8C	F3	1300	0x514	0x3D03AC	STRICT_ACTUAL_RUNTIME	NO	0	0
져	U+C838	15	8CF2	8C	F2	1299	0x513	0x3D030A	STRICT_ACTUAL_RUNTIME	NO	0	0
졌	U+C84C	14	8CF1	8C	F1	1298	0x512	0x3D0268	STRICT_ACTUAL_RUNTIME	NO	0	0
조	U+C870	35	8CEE	8C	EE	1295	0x50F	0x3D0082	STRICT_ACTUAL_RUNTIME	NO	0	0
족	U+C871	2	8CEA	8C	EA	1291	0x50B	0x3CFDFA	STRICT_ACTUAL_RUNTIME	NO	0	0
존	U+C874	8	8CE4	8C	E4	1285	0x505	0x3CFA2E	STRICT_ACTUAL_RUNTIME	NO	0	0
좀	U+C880	20	8CDE	8C	DE	1279	0x4FF	0x3CF662	STRICT_ACTUAL_RUNTIME	NO	0	0
종	U+C885	8	8CD9	8C	D9	1274	0x4FA	0x3CF338	STRICT_ACTUAL_RUNTIME	NO	0	0
좋	U+C88B	63	8CD7	8C	D7	1272	0x4F8	0x3CF1F4	STRICT_ACTUAL_RUNTIME	NO	0	0
죄	U+C8C4	4	8CCC	8C	CC	1261	0x4ED	0x3CEAFE	STRICT_ACTUAL_RUNTIME	NO	0	0
죠	U+C8E0	15	8CCA	8C	CA	1259	0x4EB	0x3CE9BA	STRICT_ACTUAL_RUNTIME	NO	0	0
주	U+C8FC	117	8CC9	8C	C9	1258	0x4EA	0x3CE918	STRICT_ACTUAL_RUNTIME	NO	0	0
죽	U+C8FD	11	8CC7	8C	C7	1256	0x4E8	0x3CE7D4	STRICT_ACTUAL_RUNTIME	NO	0	0
준	U+C900	7	8CC6	8C	C6	1255	0x4E7	0x3CE732	STRICT_ACTUAL_RUNTIME	NO	0	0
줄	U+C904	25	8CC5	8C	C5	1254	0x4E6	0x3CE690	STRICT_ACTUAL_RUNTIME	NO	0	0
중	U+C911	21	8CBF	8C	BF	1248	0x4E0	0x3CE2C4	STRICT_ACTUAL_RUNTIME	NO	0	0
줘	U+C918	20	8CBC	8C	BC	1245	0x4DD	0x3CE0DE	STRICT_ACTUAL_RUNTIME	NO	0	0
줬	U+C92C	11	8CBB	8C	BB	1244	0x4DC	0x3CE03C	STRICT_ACTUAL_RUNTIME	NO	0	0
즈	U+C988	57	8CBA	8C	BA	1243	0x4DB	0x3CDF9A	STRICT_ACTUAL_RUNTIME	NO	0	0
즐	U+C990	3	8CB8	8C	B8	1241	0x4D9	0x3CDE56	STRICT_ACTUAL_RUNTIME	NO	0	0
증	U+C99D	7	8CB7	8C	B7	1240	0x4D8	0x3CDDB4	STRICT_ACTUAL_RUNTIME	NO	0	0
지	U+C9C0	837	8CB5	8C	B5	1238	0x4D6	0x3CDC70	STRICT_ACTUAL_RUNTIME	NO	0	0
직	U+C9C1	38	8CAF	8C	AF	1232	0x4D0	0x3CD8A4	STRICT_ACTUAL_RUNTIME	NO	0	0
진	U+C9C4	66	8CAB	8C	AB	1228	0x4CC	0x3CD61C	STRICT_ACTUAL_RUNTIME	NO	0	0
질	U+C9C8	21	8CA4	8C	A4	1221	0x4C5	0x3CD1AE	STRICT_ACTUAL_RUNTIME	NO	0	0
짐	U+C9D0	2	8CA1	8C	A1	1218	0x4C2	0x3CCFC8	STRICT_ACTUAL_RUNTIME	NO	0	0
집	U+C9D1	5	8CA0	8C	A0	1217	0x4C1	0x3CCF26	STRICT_ACTUAL_RUNTIME	NO	0	0
짓	U+C9D3	30	8C97	8C	97	1208	0x4B8	0x3CC974	STRICT_ACTUAL_RUNTIME	NO	0	0
짖	U+C9D6	1	8C7E	8C	7E	1184	0x4A0	0x3CBA44	STRICT_ACTUAL_RUNTIME	NO	0	0
짙	U+C9D9	2	8C76	8C	76	1176	0x498	0x3CB534	STRICT_ACTUAL_RUNTIME	NO	0	0
짜	U+C9DC	27	8C5F	8C	5F	1153	0x481	0x3CA6A6	STRICT_ACTUAL_RUNTIME	NO	0	0
짝	U+C9DD	1	8C5E	8C	5E	1152	0x480	0x3CA604	STRICT_ACTUAL_RUNTIME	NO	0	0
짱	U+C9F1	3	8C5B	8C	5B	1149	0x47D	0x3CA41E	STRICT_ACTUAL_RUNTIME	NO	0	0
째	U+C9F8	22	8C5A	8C	5A	1148	0x47C	0x3CA37C	STRICT_ACTUAL_RUNTIME	NO	0	0
쨌	U+CA0C	2	8C56	8C	56	1144	0x478	0x3CA0F4	STRICT_ACTUAL_RUNTIME	NO	0	0
쩌	U+CA4C	6	8C4F	8C	4F	1137	0x471	0x3C9C86	STRICT_ACTUAL_RUNTIME	NO	0	0
쩐	U+CA50	1	8C4D	8C	4D	1135	0x46F	0x3C9B42	STRICT_ACTUAL_RUNTIME	NO	0	0
쩔	U+CA54	2	8C46	8C	46	1128	0x468	0x3C96D4	STRICT_ACTUAL_RUNTIME	NO	0	0
쪽	U+CABD	22	8C44	8C	44	1126	0x466	0x3C9590	STRICT_ACTUAL_RUNTIME	NO	0	0
쫓	U+CAD3	3	8C43	8C	43	1125	0x465	0x3C94EE	STRICT_ACTUAL_RUNTIME	NO	0	0
쭈	U+CB48	1	8BFC	8B	FC	1121	0x461	0x3C9266	STRICT_ACTUAL_RUNTIME	NO	0	0
쯤	U+CBE4	1	8BFB	8B	FB	1120	0x460	0x3C91C4	STRICT_ACTUAL_RUNTIME	NO	0	0
찌	U+CC0C	3	8BF9	8B	F9	1118	0x45E	0x3C9080	STRICT_ACTUAL_RUNTIME	NO	0	0
찍	U+CC0D	1	8BF7	8B	F7	1116	0x45C	0x3C8F3C	STRICT_ACTUAL_RUNTIME	NO	0	0
차	U+CC28	19	8BF5	8B	F5	1114	0x45A	0x3C8DF8	STRICT_ACTUAL_RUNTIME	NO	0	0
착	U+CC29	8	8BF4	8B	F4	1113	0x459	0x3C8D56	STRICT_ACTUAL_RUNTIME	NO	0	0
찬	U+CC2C	8	8BF3	8B	F3	1112	0x458	0x3C8CB4	STRICT_ACTUAL_RUNTIME	NO	0	0
찮	U+CC2E	12	8BF2	8B	F2	1111	0x457	0x3C8C12	STRICT_ACTUAL_RUNTIME	NO	0	0
찰	U+CC30	1	8BEF	8B	EF	1108	0x454	0x3C8A2C	STRICT_ACTUAL_RUNTIME	NO	0	0
참	U+CC38	5	8BEC	8B	EC	1105	0x451	0x3C8846	STRICT_ACTUAL_RUNTIME	NO	0	0
창	U+CC3D	2	8BEB	8B	EB	1104	0x450	0x3C87A4	STRICT_ACTUAL_RUNTIME	NO	0	0
찾	U+CC3E	11	8BE7	8B	E7	1100	0x44C	0x3C851C	STRICT_ACTUAL_RUNTIME	NO	0	0
채	U+CC44	4	8BE6	8B	E6	1099	0x44B	0x3C847A	STRICT_ACTUAL_RUNTIME	NO	0	0
챘	U+CC58	1	8BE5	8B	E5	1098	0x44A	0x3C83D8	STRICT_ACTUAL_RUNTIME	NO	0	0
처	U+CC98	17	8BE4	8B	E4	1097	0x449	0x3C8336	STRICT_ACTUAL_RUNTIME	NO	0	0
척	U+CC99	3	8BE2	8B	E2	1095	0x447	0x3C81F2	STRICT_ACTUAL_RUNTIME	NO	0	0
천	U+CC9C	1	8BE1	8B	E1	1094	0x446	0x3C8150	STRICT_ACTUAL_RUNTIME	NO	0	0
철	U+CCA0	3	8BE0	8B	E0	1093	0x445	0x3C80AE	STRICT_ACTUAL_RUNTIME	NO	0	0
첫	U+CCAB	1	8BDF	8B	DF	1092	0x444	0x3C800C	STRICT_ACTUAL_RUNTIME	NO	0	0
청	U+CCAD	1	8BDE	8B	DE	1091	0x443	0x3C7F6A	STRICT_ACTUAL_RUNTIME	NO	0	0
체	U+CCB4	35	8BDC	8B	DC	1089	0x441	0x3C7E26	STRICT_ACTUAL_RUNTIME	NO	0	0
쳇	U+CCC7	6	8BD9	8B	D9	1086	0x43E	0x3C7C40	STRICT_ACTUAL_RUNTIME	NO	0	0
쳐	U+CCD0	10	8BD7	8B	D7	1084	0x43C	0x3C7AFC	STRICT_ACTUAL_RUNTIME	NO	0	0
쳤	U+CCE4	8	8BD6	8B	D6	1083	0x43B	0x3C7A5A	STRICT_ACTUAL_RUNTIME	NO	0	0
초	U+CD08	2	8BD1	8B	D1	1078	0x436	0x3C7730	STRICT_ACTUAL_RUNTIME	NO	0	0
최	U+CD5C	2	8BD0	8B	D0	1077	0x435	0x3C768E	STRICT_ACTUAL_RUNTIME	NO	0	0
쵸	U+CD78	9	8BCF	8B	CF	1076	0x434	0x3C75EC	STRICT_ACTUAL_RUNTIME	NO	0	0
추	U+CD94	7	8BCB	8B	CB	1072	0x430	0x3C7364	STRICT_ACTUAL_RUNTIME	NO	0	0
축	U+CD95	1	8BCA	8B	CA	1071	0x42F	0x3C72C2	STRICT_ACTUAL_RUNTIME	NO	0	0
출	U+CD9C	5	8BC9	8B	C9	1070	0x42E	0x3C7220	STRICT_ACTUAL_RUNTIME	NO	0	0
충	U+CDA9	4	8BC7	8B	C7	1068	0x42C	0x3C70DC	STRICT_ACTUAL_RUNTIME	NO	0	0
춰	U+CDB0	4	8BC5	8B	C5	1066	0x42A	0x3C6F98	STRICT_ACTUAL_RUNTIME	NO	0	0
취	U+CDE8	1	8BC4	8B	C4	1065	0x429	0x3C6EF6	STRICT_ACTUAL_RUNTIME	NO	0	0
츠	U+CE20	158	8BBE	8B	BE	1059	0x423	0x3C6B2A	STRICT_ACTUAL_RUNTIME	NO	0	0
층	U+CE35	2	8BBC	8B	BC	1057	0x421	0x3C69E6	STRICT_ACTUAL_RUNTIME	NO	0	0
치	U+CE58	205	8BBB	8B	BB	1056	0x420	0x3C6944	STRICT_ACTUAL_RUNTIME	NO	0	0
친	U+CE5C	4	8BB8	8B	B8	1053	0x41D	0x3C675E	STRICT_ACTUAL_RUNTIME	NO	0	0
칠	U+CE60	3	8BB3	8B	B3	1048	0x418	0x3C6434	STRICT_ACTUAL_RUNTIME	NO	0	0
침	U+CE68	7	8BAF	8B	AF	1044	0x414	0x3C61AC	STRICT_ACTUAL_RUNTIME	NO	0	0
칭	U+CE6D	1	8BAD	8B	AD	1042	0x412	0x3C6068	STRICT_ACTUAL_RUNTIME	NO	0	0
카	U+CE74	741	8BAC	8B	AC	1041	0x411	0x3C5FC6	STRICT_ACTUAL_RUNTIME	NO	0	0
커	U+CEE4	5	8BAB	8B	AB	1040	0x410	0x3C5F24	STRICT_ACTUAL_RUNTIME	NO	0	0
컷	U+CEF7	3	8BAA	8B	AA	1039	0x40F	0x3C5E82	STRICT_ACTUAL_RUNTIME	NO	0	0
케	U+CF00	6	8BA9	8B	A9	1038	0x40E	0x3C5DE0	STRICT_ACTUAL_RUNTIME	NO	0	0
켁	U+CF01	3	8BA7	8B	A7	1036	0x40C	0x3C5C9C	STRICT_ACTUAL_RUNTIME	NO	0	0
켜	U+CF1C	5	8BA6	8B	A6	1035	0x40B	0x3C5BFA	STRICT_ACTUAL_RUNTIME	NO	0	0
코	U+CF54	4	8BA5	8B	A5	1034	0x40A	0x3C5B58	STRICT_ACTUAL_RUNTIME	NO	0	0
쾌	U+CF8C	1	8BA3	8B	A3	1032	0x408	0x3C5A14	STRICT_ACTUAL_RUNTIME	NO	0	0
쿠	U+CFE0	108	8BA1	8B	A1	1030	0x406	0x3C58D0	STRICT_ACTUAL_RUNTIME	NO	0	0
쿡	U+CFE1	1	8B9D	8B	9D	1026	0x402	0x3C5648	STRICT_ACTUAL_RUNTIME	NO	0	0
크	U+D06C	130	8B9C	8B	9C	1025	0x401	0x3C55A6	STRICT_ACTUAL_RUNTIME	NO	0	0
큭	U+D06D	12	8B9B	8B	9B	1024	0x400	0x3C5504	STRICT_ACTUAL_RUNTIME	NO	0	0
큰	U+D070	6	8B9A	8B	9A	1023	0x3FF	0x3C5462	STRICT_ACTUAL_RUNTIME	NO	0	0
큼	U+D07C	10	8B97	8B	97	1020	0x3FC	0x3C527C	STRICT_ACTUAL_RUNTIME	NO	0	0
키	U+D0A4	183	8B84	8B	84	1001	0x3E9	0x3C4676	STRICT_ACTUAL_RUNTIME	NO	0	0
킨	U+D0A8	7	8B83	8B	83	1000	0x3E8	0x3C45D4	STRICT_ACTUAL_RUNTIME	NO	0	0
킬	U+D0AC	10	8B6C	8B	6C	978	0x3D2	0x3C37E8	STRICT_ACTUAL_RUNTIME	NO	0	0
타	U+D0C0	51	8B6B	8B	6B	977	0x3D1	0x3C3746	STRICT_ACTUAL_RUNTIME	NO	0	0
탁	U+D0C1	16	8B6A	8B	6A	976	0x3D0	0x3C36A4	STRICT_ACTUAL_RUNTIME	NO	0	0
탄	U+D0C4	2	8B64	8B	64	970	0x3CA	0x3C32D8	STRICT_ACTUAL_RUNTIME	NO	0	0
탈	U+D0C8	1	8B59	8B	59	959	0x3BF	0x3C2BE2	STRICT_ACTUAL_RUNTIME	NO	0	0
탓	U+D0D3	2	8B55	8B	55	955	0x3BB	0x3C295A	STRICT_ACTUAL_RUNTIME	NO	0	0
탕	U+D0D5	1	8B54	8B	54	954	0x3BA	0x3C28B8	STRICT_ACTUAL_RUNTIME	NO	0	0
태	U+D0DC	9	8B48	8B	48	942	0x3AE	0x3C2120	STRICT_ACTUAL_RUNTIME	NO	0	0
택	U+D0DD	3	8B45	8B	45	939	0x3AB	0x3C1F3A	STRICT_ACTUAL_RUNTIME	NO	0	0
터	U+D130	18	8AFA	8A	FA	931	0x3A3	0x3C1A2A	STRICT_ACTUAL_RUNTIME	NO	0	0
턴	U+D134	3	8AF6	8A	F6	927	0x39F	0x3C17A2	STRICT_ACTUAL_RUNTIME	NO	0	0
테	U+D14C	18	825E	82	5E	218	0xDA	0x3A56F8	STRICT_STAGE36R_VERIFIED	YES	0	0
텐	U+D150	18	8AF4	8A	F4	925	0x39D	0x3C165E	STRICT_ACTUAL_RUNTIME	NO	0	0
토	U+D1A0	556	8AEF	8A	EF	920	0x398	0x3C1334	STRICT_ACTUAL_RUNTIME	NO	0	0
톨	U+D1A8	1	8AEE	8A	EE	919	0x397	0x3C1292	STRICT_ACTUAL_RUNTIME	NO	0	0
통	U+D1B5	3	8AED	8A	ED	918	0x396	0x3C11F0	STRICT_ACTUAL_RUNTIME	NO	0	0
투	U+D22C	2	8AEA	8A	EA	915	0x393	0x3C100A	STRICT_ACTUAL_RUNTIME	NO	0	0
트	U+D2B8	3	824A	82	4A	198	0xC6	0x3A4A50	STRICT_STAGE36R_VERIFIED	YES	0	0
특	U+D2B9	7	8AE7	8A	E7	912	0x390	0x3C0E24	STRICT_ACTUAL_RUNTIME	NO	0	0
튼	U+D2BC	11	8AE6	8A	E6	911	0x38F	0x3C0D82	STRICT_ACTUAL_RUNTIME	NO	0	0
틀	U+D2C0	10	8AE5	8A	E5	910	0x38E	0x3C0CE0	STRICT_ACTUAL_RUNTIME	NO	0	0
틈	U+D2C8	4	8AE3	8A	E3	908	0x38C	0x3C0B9C	STRICT_ACTUAL_RUNTIME	NO	0	0
티	U+D2F0	1	8AE2	8A	E2	907	0x38B	0x3C0AFA	STRICT_ACTUAL_RUNTIME	NO	0	0
파	U+D30C	6	8AE1	8A	E1	906	0x38A	0x3C0A58	STRICT_ACTUAL_RUNTIME	NO	0	0
팍	U+D30D	2	8ADF	8A	DF	904	0x388	0x3C0914	STRICT_ACTUAL_RUNTIME	NO	0	0
판	U+D310	3	8ADD	8A	DD	902	0x386	0x3C07D0	STRICT_ACTUAL_RUNTIME	NO	0	0
팔	U+D314	1	8ADC	8A	DC	901	0x385	0x3C072E	STRICT_ACTUAL_RUNTIME	NO	0	0
패	U+D328	6	8AD9	8A	D9	898	0x382	0x3C0548	STRICT_ACTUAL_RUNTIME	NO	0	0
펐	U+D390	1	8AD8	8A	D8	897	0x381	0x3C04A6	STRICT_ACTUAL_RUNTIME	NO	0	0
편	U+D3B8	2	8AD7	8A	D7	896	0x380	0x3C0404	STRICT_ACTUAL_RUNTIME	NO	0	0
평	U+D3C9	8	8AD5	8A	D5	894	0x37E	0x3C02C0	STRICT_ACTUAL_RUNTIME	NO	0	0
폐	U+D3D0	2	8AD0	8A	D0	889	0x379	0x3BFF96	STRICT_ACTUAL_RUNTIME	NO	0	0
포	U+D3EC	15	8ACB	8A	CB	884	0x374	0x3BFC6C	STRICT_ACTUAL_RUNTIME	NO	0	0
폭	U+D3ED	3	8ACA	8A	CA	883	0x373	0x3BFBCA	STRICT_ACTUAL_RUNTIME	NO	0	0
표	U+D45C	3	8AC9	8A	C9	882	0x372	0x3BFB28	STRICT_ACTUAL_RUNTIME	NO	0	0
푸	U+D478	2	8AC8	8A	C8	881	0x371	0x3BFA86	STRICT_ACTUAL_RUNTIME	NO	0	0
푹	U+D479	1	8AC4	8A	C4	877	0x36D	0x3BF7FE	STRICT_ACTUAL_RUNTIME	NO	0	0
풀	U+D480	9	8AC3	8A	C3	876	0x36C	0x3BF75C	STRICT_ACTUAL_RUNTIME	NO	0	0
품	U+D488	3	8ABF	8A	BF	872	0x368	0x3BF4D4	STRICT_ACTUAL_RUNTIME	NO	0	0
풍	U+D48D	3	8ABD	8A	BD	870	0x366	0x3BF390	STRICT_ACTUAL_RUNTIME	NO	0	0
프	U+D504	1	8AB7	8A	B7	864	0x360	0x3BEFC4	STRICT_ACTUAL_RUNTIME	NO	0	0
픈	U+D508	1	8AB0	8A	B0	857	0x359	0x3BEB56	STRICT_ACTUAL_RUNTIME	NO	0	0
피	U+D53C	9	8AAF	8A	AF	856	0x358	0x3BEAB4	STRICT_ACTUAL_RUNTIME	NO	0	0
필	U+D544	6	8AAC	8A	AC	853	0x355	0x3BE8CE	STRICT_ACTUAL_RUNTIME	NO	0	0
하	U+D558	374	8AAB	8A	AB	852	0x354	0x3BE82C	STRICT_ACTUAL_RUNTIME	NO	0	0
한	U+D55C	153	89BB	89	BB	680	0x2A8	0x3B7B54	STRICT_ACTUAL_RUNTIME_REASSIGNED	NO	0	0
할	U+D560	60	8AAA	8A	AA	851	0x353	0x3BE78A	STRICT_ACTUAL_RUNTIME	NO	0	0
함	U+D568	20	8AA9	8A	A9	850	0x352	0x3BE6E8	STRICT_ACTUAL_RUNTIME	NO	0	0
합	U+D569	18	8AA7	8A	A7	848	0x350	0x3BE5A4	STRICT_ACTUAL_RUNTIME	NO	0	0
핫	U+D56B	1	8A9F	8A	9F	840	0x348	0x3BE094	STRICT_ACTUAL_RUNTIME	NO	0	0
항	U+D56D	5	8A9D	8A	9D	838	0x346	0x3BDF50	STRICT_ACTUAL_RUNTIME	NO	0	0
해	U+D574	191	8A9A	8A	9A	835	0x343	0x3BDD6A	STRICT_ACTUAL_RUNTIME	NO	0	0
했	U+D588	59	8A97	8A	97	832	0x340	0x3BDB84	STRICT_ACTUAL_RUNTIME	NO	0	0
행	U+D589	40	8A95	8A	95	830	0x33E	0x3BDA40	STRICT_ACTUAL_RUNTIME	NO	0	0
허	U+D5C8	7	8A7D	8A	7D	807	0x327	0x3BCBB2	STRICT_ACTUAL_RUNTIME	NO	0	0
헉	U+D5C9	1	8A7B	8A	7B	805	0x325	0x3BCA6E	STRICT_ACTUAL_RUNTIME	NO	0	0
험	U+D5D8	14	8A79	8A	79	803	0x323	0x3BC92A	STRICT_ACTUAL_RUNTIME	NO	0	0
헛	U+D5DB	5	8A6E	8A	6E	792	0x318	0x3BC234	STRICT_ACTUAL_RUNTIME	NO	0	0
헤	U+D5E4	22	8A65	8A	65	783	0x30F	0x3BBC82	STRICT_ACTUAL_RUNTIME	NO	0	0
헴	U+D5F4	1	8A64	8A	64	782	0x30E	0x3BBBE0	STRICT_ACTUAL_RUNTIME	NO	0	0
헷	U+D5F7	3	8A61	8A	61	779	0x30B	0x3BB9FA	STRICT_ACTUAL_RUNTIME	NO	0	0
헹	U+D5F9	2	8A60	8A	60	778	0x30A	0x3BB958	STRICT_ACTUAL_RUNTIME	NO	0	0
혀	U+D600	15	8A5E	8A	5E	776	0x308	0x3BB814	STRICT_ACTUAL_RUNTIME	NO	0	0
혁	U+D601	2	8A5B	8A	5B	773	0x305	0x3BB62E	STRICT_ACTUAL_RUNTIME	NO	0	0
현	U+D604	2	8A5A	8A	5A	772	0x304	0x3BB58C	STRICT_ACTUAL_RUNTIME	NO	0	0
혈	U+D608	1	8A54	8A	54	766	0x2FE	0x3BB1C0	STRICT_ACTUAL_RUNTIME	NO	0	0
협	U+D611	2	8A4F	8A	4F	761	0x2F9	0x3BAE96	STRICT_ACTUAL_RUNTIME	NO	0	0
혔	U+D614	1	8A4A	8A	4A	756	0x2F4	0x3BAB6C	STRICT_ACTUAL_RUNTIME	NO	0	0
혜	U+D61C	1	8A49	8A	49	755	0x2F3	0x3BAACA	STRICT_ACTUAL_RUNTIME	NO	0	0
호	U+D638	45	89FB	89	FB	744	0x2E8	0x3BA3D4	STRICT_ACTUAL_RUNTIME	NO	0	0
혹	U+D639	13	89F7	89	F7	740	0x2E4	0x3BA14C	STRICT_ACTUAL_RUNTIME	NO	0	0
혼	U+D63C	8	89F6	89	F6	739	0x2E3	0x3BA0AA	STRICT_ACTUAL_RUNTIME	NO	0	0
화	U+D654	6	89F5	89	F5	738	0x2E2	0x3BA008	STRICT_ACTUAL_RUNTIME	NO	0	0
확	U+D655	11	89EF	89	EF	732	0x2DC	0x3B9C3C	STRICT_ACTUAL_RUNTIME	NO	0	0
환	U+D658	77	89EE	89	EE	731	0x2DB	0x3B9B9A	STRICT_ACTUAL_RUNTIME	NO	0	0
활	U+D65C	4	89ED	89	ED	730	0x2DA	0x3B9AF8	STRICT_ACTUAL_RUNTIME	NO	0	0
황	U+D669	3	89EC	89	EC	729	0x2D9	0x3B9A56	STRICT_ACTUAL_RUNTIME	NO	0	0
회	U+D68C	11	89EB	89	EB	728	0x2D8	0x3B99B4	STRICT_ACTUAL_RUNTIME	NO	0	0
획	U+D68D	3	89EA	89	EA	727	0x2D7	0x3B9912	STRICT_ACTUAL_RUNTIME	NO	0	0
후	U+D6C4	116	89E8	89	E8	725	0x2D5	0x3B97CE	STRICT_ACTUAL_RUNTIME	NO	0	0
훌	U+D6CC	1	89DF	89	DF	716	0x2CC	0x3B921C	STRICT_ACTUAL_RUNTIME	NO	0	0
훗	U+D6D7	4	89DE	89	DE	715	0x2CB	0x3B917A	STRICT_ACTUAL_RUNTIME	NO	0	0
훨	U+D6E8	1	89DB	89	DB	712	0x2C8	0x3B8F94	STRICT_ACTUAL_RUNTIME	NO	0	0
휘	U+D718	1	89D9	89	D9	710	0x2C6	0x3B8E50	STRICT_ACTUAL_RUNTIME	NO	0	0
휩	U+D729	1	89D8	89	D8	709	0x2C5	0x3B8DAE	STRICT_ACTUAL_RUNTIME	NO	0	0
흐	U+D750	8	89D7	89	D7	708	0x2C4	0x3B8D0C	STRICT_ACTUAL_RUNTIME	NO	0	0
흑	U+D751	6	89D5	89	D5	706	0x2C2	0x3B8BC8	STRICT_ACTUAL_RUNTIME	NO	0	0
흔	U+D754	3	89D4	89	D4	705	0x2C1	0x3B8B26	STRICT_ACTUAL_RUNTIME	NO	0	0
흘	U+D758	1	89D2	89	D2	703	0x2BF	0x3B89E2	STRICT_ACTUAL_RUNTIME	NO	0	0
흠	U+D760	6	89D1	89	D1	702	0x2BE	0x3B8940	STRICT_ACTUAL_RUNTIME	NO	0	0
흡	U+D761	6	89CF	89	CF	700	0x2BC	0x3B87FC	STRICT_ACTUAL_RUNTIME	NO	0	0
흥	U+D765	20	89CE	89	CE	699	0x2BB	0x3B875A	STRICT_ACTUAL_RUNTIME	NO	0	0
흩	U+D769	1	89CC	89	CC	697	0x2B9	0x3B8616	STRICT_ACTUAL_RUNTIME	NO	0	0
희	U+D76C	56	89CB	89	CB	696	0x2B8	0x3B8574	STRICT_ACTUAL_RUNTIME	NO	0	0
히	U+D788	226	89C5	89	C5	690	0x2B2	0x3B81A8	STRICT_ACTUAL_RUNTIME	NO	0	0
힘	U+D798	25	89C4	89	C4	689	0x2B1	0x3B8106	STRICT_ACTUAL_RUNTIME	NO	0	0
힛	U+D79B	1	89C3	89	C3	688	0x2B0	0x3B8064	STRICT_ACTUAL_RUNTIME	NO	0	0
