hangul	unicode	donor_sjis_hex	glyph_index	font_file_offset	strict_safe_before	bitmap_empty_before	bitmap_sha256
값	U+AC12	82F7	370	0x3AB728	1	1	8b7fcaa1771b9f4664880cf56afc64ad6464783d4f9d9bb456630ff66a7d64d1
겟	U+AC9F	82F5	368	0x3AB5E4	1	1	2cba0dfeaf9cf248d0601204ad76f9bf1e4cf59136f0684bcbdba72b18f068c1
곡	U+ACE1	825C	216	0x3A55B4	1	1	e9be031dcbbbab9aab8bdbeb6d2153df63289899dad3ba63c1d8a880b6d20cc1
곽	U+ACFD	8241	189	0x3A449E	1	1	3f5c42135634be3e3bbecfe10d3e3c8da052954fac0636539dde5a5908fc09b9
광	U+AD11	81EC	171	0x3A393A	1	1	4233dfb947261af8b9e6623195e87d673ead31d097072a1035cfee35a718bde6
괘	U+AD18	81E9	168	0x3A3754	1	1	b415104e9722347506da8c1b62b8d7bf31e3659ea8c32245926e7438e86e133d
궁	U+AD81	81D8	151	0x3A2C92	1	1	ca90f9c5e4798625c747d902f9a834dfa66469ff8802d3d1a905f7093704f930
권	U+AD8C	81D7	150	0x3A2BF0	1	1	5b8cdf499fe4e4e963252c4437baca505a55c5e078c8c45a734539e71a988f36
규	U+ADDC	81C7	134	0x3A21D0	1	1	4dd6983df653f4dee5321f494b15df040c415c8e9f2043e6efce211997c395bb
깎	U+AE4E	81C0	127	0x3A1D62	1	1	f9695ed7d63f39028d972b0ab9686ae9c4d99450a6a63224f7f5783839fb380a
꺼	U+AEBC	897C	1564	0x3DAABC	1	0	a22b261a41ab39c2fa62aa23e615f6adc8225f70ecbe09943b787c5c7ed85cd3
꽂	U+AF42	8979	1561	0x3DA8D6	1	0	267da38ea8af8ecd3687e14bca9802dbc7e21649a38891e9ca7f4a607bfb055e
꽝	U+AF5D	8975	1557	0x3DA64E	1	0	d1de50ba4c237ba639525820aa8ca12613ff6012e84b39b4517f95e19d3307d5
꿔	U+AFD4	8974	1556	0x3DA5AC	1	0	dc39f872026827dc4772b8993ac89e37ddf1cd006e07957262370ca1ca498e14
낙	U+B099	8973	1555	0x3DA50A	1	0	e6975316181bf3f23f531b568380d1b43f7a9306669b1aad4343a75ee2d4825e
낚	U+B09A	896A	1546	0x3D9F58	1	0	0eaf052f04b6f6431c821f5d4ff8ff2adfe9069f07f2b417f94ea493f97cf325
낮	U+B0AE	8966	1542	0x3D9CD0	1	0	5167d8e4eec20855611d325798f5b482703639c7e0526d24fc0a6bce41a4f139
닝	U+B2DD	8963	1539	0x3D9AEA	1	0	1e6e474a934e416a3f4f6fb426b650c54a6834023a33d1edef83a295d698d55c
돈	U+B3C8	8960	1536	0x3D9904	1	0	611447ace1fcf13a78b20a0460dbd1db0db2a400adec67970428f258fcaec272
딩	U+B529	8959	1529	0x3D9496	1	0	591ac16afaa714f22960451801864e3aa79c6b13163bf72976db41f2156118a6
뜬	U+B72C	8955	1525	0x3D920E	1	0	436898668e71e76aeb5eb439ffe6828a628680fa00513401ff632b95043dbad9
랩	U+B7A9	8954	1524	0x3D916C	1	0	676e71286f66ff0352836a468a9374cc3a1f7a07821a99cf5ffeb9bbe3cabf29
량	U+B7C9	894E	1518	0x3D8DA0	1	0	02b57bcad0e62d0f86f8af0f4e509b31b0d30db1a7f6e886e44f6c01dbd04de4
렘	U+B818	894D	1517	0x3D8CFE	1	0	1125dc6d57111416d5fc349d7dddf4acd4ded5bb4e79d0ee060f8c7b53c62ae8
렬	U+B82C	894C	1516	0x3D8C5C	1	0	a04ac31f4cf4171ef4ef5d14c1c52d1e1b6177519b99a68c1b8c72bb01c7774a
롤	U+B864	8945	1509	0x3D87EE	1	0	621494b949d0558c5a5bc3ba91b37fcae6796dc47879d24d83031a5f98d95080
롯	U+B86F	88F7	1498	0x3D80F8	1	0	df87971dd7012320cb50df3c0726f2521406f94113360b2f1d696001dfaba1f2
롱	U+B871	88F6	1497	0x3D8056	1	0	541080b69534d850da051aaf11425d9ecb3c74ad2e4f7b7e89965b9050976acf
뢰	U+B8B0	88F5	1496	0x3D7FB4	1	0	e55935c62e0d7ebc2af755e90139de1a6a40d5f25761fa75bcd4dfc21e1b1f27
륜	U+B95C	88EF	1490	0x3D7BE8	1	0	a20f927d5ec9daaf46c45dfdc692490b2badb4d6de6c3cd78c39423c0f2c2d63
링	U+B9C1	88EE	1489	0x3D7B46	1	0	471b3452ca9e9a8de7fa938700aec0a40691701e3130613c5fa00db63aab43f1
맵	U+B9F5	88EC	1487	0x3D7A02	1	0	6ccac7e2d612e752a384531cc072db3da05bbf60d180e5b6867fba5d4c13a399
멀	U+BA40	88EA	1485	0x3D78BE	1	0	f5d57cbd453e079668048495d5ce8d9d610a02115b9dc2c3030768a317b81fb4
멘	U+BA58	88E7	1482	0x3D76D8	1	0	1b072464bfc15950249d5b315d52cc5294d96eebefb544aa388a2216c03a2500
몽	U+BABD	88DE	1473	0x3D7126	1	0	f35f438b259b333a91235a3b8b0f2e1f1cde8eb59a0bd257bbae205110f0676c
믹	U+BBF9	88DC	1471	0x3D6FE2	1	0	5289badbbf2b6aee7947a21ba0698f2e33551293abb2369e72c89c29ed52d1cd
밋	U+BC0B	88DB	1470	0x3D6F40	1	0	0f2e42d4b1fb47d097d4ffb61f0acac7990ad6759097f0f8261125d6a464daf8
밤	U+BC24	88DA	1469	0x3D6E9E	1	0	cbae974f1a05ce5fb83dbab2efb181559e7efd5bb54cb30807d54bd17c95325e
밥	U+BC25	88D3	1462	0x3D6A30	1	0	3185bda586c631fe0440ae6a69ee2f75beb983a3ca2c0d18aafe40ab7c2f836f
뱀	U+BC40	88CE	1457	0x3D6706	1	0	e390047771d902d45bcc6e5e22b537d346b60383ced2c9a000dee760cd388aca
베	U+BCA0	88CB	1454	0x3D6520	1	0	0a0ff5d2f8322a919ffefe9fa8974293b5c61928693a42b50f5bac2b0c981ea2
벽	U+BCBD	88CA	1453	0x3D647E	1	0	af9b02c7bfc494f2ca0f010c47d89f8ed2d9b1ae25df2b3135e3f3797bb8bd1e
북	U+BD81	88C6	1449	0x3D61F6	1	0	995588fc5a49979cf8ecf22b4e695a2ddf80d3d62f800dfedece38135b5eeb12
붉	U+BD89	88C5	1448	0x3D6154	1	0	08627f02624fd4c51f2d563870837141d15a0e62d6eb74c183deab5c7fe63ea5
붕	U+BD95	88C4	1447	0x3D60B2	1	0	f6da5f4ea3bb0127ee15773ca066c1e9b7e8295b86684cd90a9356e52f492fe1
브	U+BE0C	88BE	1441	0x3D5CE6	1	0	c1a7a8385fd0dc357da7f24d1d843a3e31614ce982294b59eba7b4fc4cfc7d0b
블	U+BE14	88BB	1438	0x3D5B00	1	0	feb06800eaa2d7f6fb3107c9fec4af4a63442da4180c6e7ad651c2681987f60d
빗	U+BE57	88B9	1436	0x3D59BC	1	0	528db9b44a9f34e0f2de9f0cfb1948b5bc49fcd0a6047a7b22fbdc31a30e8d94
빙	U+BE59	88B6	1433	0x3D57D6	1	0	b791b453ab9bc0c3aa5c868cc85e16b1ff8c49b3141aee36384ffac178f8e327
삭	U+C0AD	88B5	1432	0x3D5734	1	0	9e28a0a7d6b2167da9a8bdc736602b6a494e5c2c7e36c3c22d818bc5a76bfb6c
색	U+C0C9	88AC	1423	0x3D5182	1	0	52311a59012c66886ef8fdb1153fb086c6b537f951ec4f26aed57a8ca5d66539
샤	U+C0E4	88A9	1420	0x3D4F9C	1	0	3305a35bef3cb2681f73e168025c16491faed7ad804eb81a6f6629d56d672291
섬	U+C12C	88A7	1418	0x3D4E58	1	0	89804b2ec4e6b1f7927b0bab06cf2282b3d032821fd025c5d239a9b357e47c16
쇄	U+C1C4	88A3	1414	0x3D4BD0	1	0	50ccd709f6873f458601d3ee74363c1e1c6263067d2e84e23ba3ae5d80e2e5f5
쇠	U+C1E0	889B	1406	0x3D46C0	1	0	bdd065c2e3d769fc999b97742709a9c39ce4892035f9c9c74f9915f48c6c6c73
숲	U+C232	8899	1404	0x3D457C	1	0	f09b09dc7add31ef948148806abbd79afaf2f2cd7c4fed7dba36a0a2e1b7fd81
슛	U+C29B	8897	1402	0x3D4438	1	0	faec94880d29447d8c610bca30e7e21d76be9eb0ecd1de59b869f46112aec2c1
싼	U+C2FC	8896	1401	0x3D4396	1	0	7fb2bc4dbe4e3b37a699eec02d60c35a695408d3dc7b7c21618251533d8319f6
암	U+C554	8895	1400	0x3D42F4	1	0	c65dfd5079b2643c4f3e51322584dc0e61ed5e78336225abbada179556ec0e13
앵	U+C575	8893	1398	0x3D41B0	1	0	d2637b580266f6903aa6ddd075d4b21f769ffae28bcb40362c1dc80dafdc06fc
엽	U+C5FD	8892	1397	0x3D410E	1	0	877cecefb3fe5e9f61c7746ab3a89718df9fa29b04c3770f29de7830730e874f
옥	U+C625	8890	1395	0x3D3FCA	1	0	8e01825173f473197475822bf9a943fa70c8aab1eb42f8ab3a3b56c23c1665ab
월	U+C6D4	888E	1393	0x3D3E86	1	0	ade92ad00b47d6fe48d9c3b9bfc947930f56e3fac38be778392276319443ea3b
웨	U+C6E8	888D	1392	0x3D3DE4	1	0	b7d6062cf11f32c9c372dedff471325a037371aaf53aa2d08d64787a9f8d58d8
윤	U+C724	888C	1391	0x3D3D42	1	0	a89a72603fd6a1b3ba9dcf2b4d582fcd6e814e64f966845d7ed512826aca7574
율	U+C728	888A	1389	0x3D3BFE	1	0	4831a2b2a3dbfed33d9c09c772c2ef7d8df8d0290d5ca2771ad6b5f0cb03c4ab
젊	U+C80A	8888	1387	0x3D3ABA	1	0	f5cb418fbbbcc49a96ee8ab0336673c9db0b0def862df514883333e0a36eda9e
좌	U+C88C	8886	1385	0x3D3976	1	0	01816235f411b2362eaee0aba093f49a579fc8050bc45ea2fe46428020ac90f7
징	U+C9D5	8884	1383	0x3D3832	1	0	e083f10bcbb1846b5bdb7c8acdedbc41458870b4d8665415073fd6164bc70d6d
챙	U+CC59	8881	1380	0x3D364C	1	0	58af8f4adfcc81c2ec110211ea2399c7fb2813c778a20d7224975b1ff78f9777
챠	U+CC60	8880	1379	0x3D35AA	1	0	7f1c9654552804981bf7dd195327bf1a2575fd3e186536e016cb4545ddb150ba
첨	U+CCA8	887E	1378	0x3D3508	1	0	03f6e7830bb92dcc5e81901dfabb6673e42750c425503ce399c7f06e49a8b685
촙	U+CD19	887A	1374	0x3D3280	1	0	5cf0b5ce9771cc6c9fe5cf2d2aab05bbaabd7a7289ca4cbc52f4b318f4a083bb
춤	U+CDA4	8878	1372	0x3D313C	1	0	27d21dad07a274cba08b3b1afb1c0f64707f9df4f1e01632e7b2f7682db75906
칙	U+CE59	8877	1371	0x3D309A	1	0	415645c51ddb4e11650641ab36fa44f6b2c1e41305c6a97da54d6077479a59b5
칼	U+CE7C	8876	1370	0x3D2FF8	1	0	65f971be9d0c9ed25701958325a474abc3f7354a96ef16c3f75df5fa598fdfde
캡	U+CEA1	8875	1369	0x3D2F56	1	0	4be0a77cd8c876dfda03b43b08c85d6e97eaa4520d465437fc9c223ec929439a
컨	U+CEE8	8874	1368	0x3D2EB4	1	0	1ac55d3e915282822262544f00f54da3ba77386d94b102eb78cebbe48f26c248
컴	U+CEF4	8871	1365	0x3D2CCE	1	0	6e88da22ac2b8a3034945c2ad9465c0166632ef2f23f8ea503e119584afebce8
콘	U+CF58	8869	1357	0x3D27BE	1	0	68011c10e627794a07105847f3740f855f8bcf9df095e353431da42e16c429a0
콤	U+CF64	8867	1355	0x3D267A	1	0	a64b8c12d044db5a1acd29e062d0b4a2c8cf6fb68356ac9c2d98829052301dc3
쿄	U+CFC4	8864	1352	0x3D2494	1	0	17a86d0b8de452dd82ec3bbbae7f14ef3459ec79e4b3f25e9d0ab59480cf25b2
클	U+D074	885E	1346	0x3D20C8	1	0	dfe68d4ce29edee510315e995ed1d3bca223b9965c413af2771d80214646698b
킥	U+D0A5	885C	1344	0x3D1F84	1	0	515b049b5d47bf16b2a7eefd94816d6d091d67096af1d6e266fb5367dd390dca
킹	U+D0B9	885B	1343	0x3D1EE2	1	0	1e3dae213fefcdb3967821532df92203e4b92ebbc50de92c6b4ed64e445e5c39
턱	U+D131	8857	1339	0x3D1C5A	1	0	8e6a8ee4b313a18b3555234b6adcf10ee560f77fa3ca27a3816d506212160fbb
텝	U+D15D	8856	1338	0x3D1BB8	1	0	1079af7d5f492689faa64ccbe11fdf5fcf465b6a0515d2fb674be6acc7e814dc
톡	U+D1A1	8855	1337	0x3D1B16	1	0	cd910f5ae2ca6398d08a71f36cb7ad93bf5d67bc27d1993b16022bed7a16baf3
톤	U+D1A4	884F	1331	0x3D174A	1	0	649c20f78eb97c004a7aea17f45234aa079a90291d3c822ff564c04cdd9f8636
퇴	U+D1F4	884E	1330	0x3D16A8	1	0	e5e2d4404b246a8c447c6f6e405eaae32835c6869d6d27d2123b59762c4958ca
팽	U+D33D	884D	1329	0x3D1606	1	0	d25205f1af9f57f0d96a20df7e666a66f780bfeb8203f2ab087a69e99a2b2532
퍼	U+D37C	884C	1328	0x3D1564	1	0	87879f8c20a9ce976f33b3235aaa35449415d4ef190c428e09c57fe2fe6d453d
펀	U+D380	884A	1326	0x3D1420	1	0	5a204755780717087989c0240beea62ab31da4291d63f4ef047a00333052f8e7
퓨	U+D4E8	8849	1325	0x3D137E	1	0	0f1475eb5f70429e8ca817ad3042ef0f30804cb38e39519dae2ddf35960cfd28
플	U+D50C	8847	1323	0x3D123A	1	0	d76472fea5644804af9d8c5be402fcc97aa49ce32c003f84370d8e09baad37a9
픔	U+D514	87FC	1315	0x3D0D2A	1	0	29b96a9a0f14073079d2f03553c12927612590403a850e8896e6748ff11cba8d
학	U+D559	87FA	1313	0x3D0BE6	1	0	10af79b8248e614d2621719cb9714e96dfb883c51f58148b5cf24197ca6e87a2
핸	U+D578	87F9	1312	0x3D0B44	1	0	277766dfd86b26e9c22c3aa937067dced8130d9d0ab9596d603a4a301c351f31
헨	U+D5E8	87F8	1311	0x3D0AA2	1	0	4dee14d062ade72496947f4d00da2269f64a8220eb586bb112d59cd1173b8710
형	U+D615	87F7	1310	0x3D0A00	1	0	5efe83905238a793758b5b6848f5445b95cd9a4e38bbb6d51034dab54b6325cb
홀	U+D640	87F6	1309	0x3D095E	1	0	f1b815896502a7dcf312bc95db95a10e2170cc33998b472b12c798fbbc4d7543
홍	U+D64D	87F5	1308	0x3D08BC	1	0	41155b66d5251374d9a6b04fbb4a6b09a4aafea1a27f17b555abb3cc82faf7c5
효	U+D6A8	87EE	1301	0x3D044E	1	0	45f6a6f50ac60ac38b468d418abcd5e7fa45eefe8c3e665928eb6d7de3120061
훈	U+D6C8	87EA	1297	0x3D01C6	1	0	a1023c27ff5a7631385eea76b29e9a2edec4a8f1082c735570a4b20c45047224
휴	U+D734	87E7	1294	0x3CFFE0	1	0	ac4975f969ad2656595b69e9a52a2128b66d8537df23e4519f9f30a543c77db6
흉	U+D749	87E6	1293	0x3CFF3E	1	0	f28cdeac2a93711e59fc5448b37d20e725a70f281e18354b56ffa26b4dde3ab0
