id	japanese	korean	jp_bytes	ko_bytes	runtime_in_place
000	無幻城の心得	무환성 안내	12	11	True
001	<BLUE>－移動・進行－	<BLUE>－이동・진행－	20	20	True
010	この<RED>“無幻城”<BLACK>では、<br>画面右側に表示されているマップ上で、<br>キャラクターの移動を行います。	이 <RED>“무환성”<BLACK>에서는<br>화면 오른쪽 지도 위에서<br>캐릭터를 이동시킵니다.	106	84	True
011	マップ上の部屋に入室し、部屋で起きる<br>イベントやバトルをクリアする事により、<br>物語を進行させる事ができます。	지도에 있는 방에 들어가<br>이벤트나 전투를 마치면<br>이야기를 진행할 수 있습니다.	112	81	True
100	無幻城の心得	무환성 안내	12	11	True
101	<BLUE>－小隊－	<BLUE>－소대－	14	14	True
110	この<RED>“無幻城”<BLACK>では、<br>イベントを通して仲間が加わる事により、<br>小隊として行動できるようになります。	이 <RED>“무환성”<BLACK>에서는<br>이벤트를 통해 동료가 합류하면<br>소대를 이루어 행동할 수 있습니다.	114	101	True
111	小隊は最大、隊長１名・隊員３名で編成でき、<br>バトルの際はその中から闘うキャラクターを<br>選択する事ができます。	소대는 대장 1명과 대원 3명까지<br>편성할 수 있습니다. 전투에서는<br>그중 싸울 캐릭터를 고릅니다.	112	96	True
112	なお、仲間に加わったキャラクターは<br>ステータス画面で確認できます。	새로 합류한 동료는<br>상태 화면에서 확인할 수 있습니다.	68	55	True
200	無幻城の心得	무환성 안내	12	11	True
201	<BLUE>－隊長－	<BLUE>－대장－	14	14	True
210	忍は「上忍」「中忍」「下忍」などに<br>階級が分けられており、「中忍」以上は<br>小隊の隊長になる事ができます。	닌자는 상급・중급・하급 등으로<br>계급이 나뉘며, 중급 이상이면<br>소대의 대장이 될 수 있습니다.	108	95	True
211	階級はステータス画面で確認でき、<br>隊長になれるキャラクターには<br>名前の横に<iconEXT0>マークがあります。	계급은 상태 화면에서 확인합니다.<br>대장이 될 수 있는 캐릭터는<br>이름 옆에 <iconEXT0> 표시가 있습니다.	106	103	True
212	また、隊長には小隊メンバーの力を<br>さらに引き出す事ができる<br>「隊長能力」という能力もあります。	대장은 소대원의 힘을<br>더 끌어낼 수 있는<br>‘대장 능력’을 갖고 있습니다.	98	75	True
213	「隊長能力」の内容は、ステータス画面で<br>隊長になれるキャラクターを選択し、<br><iconCIRCLE>ボタンを押す事で確認できます。	대장 능력은 상태 화면에서<br>대장이 될 수 있는 인물을 고른 뒤<br><iconCIRCLE> 버튼을 누르면 확인할 수 있습니다.	122	111	True
300	無幻城の心得	무환성 안내	12	11	True
301	<BLUE>－口寄せ－	<BLUE>－소환－	16	14	True
310	この<RED>“無幻城”<BLACK>には、<br>部屋の無い不安定な空間が存在します。<br><RED>（マップ上の「黒い部屋」の事）	이 <RED>“무환성”<BLACK>에는<br>방이 없는 불안정한 공간이 있습니다.<br><RED>(지도에 보이는 검은 방입니다.)	111	107	True
311	そこに移動するには、画面左下に<br>表示されている「<BLUE>口寄せの巻物<BLACK>」を使い、<br>部屋を口寄せする必要があります。	그곳으로 가려면 화면 왼쪽 아래의<br>‘<BLUE>소환 두루마리<BLACK>’를 사용해<br>방을 소환해야 합니다.	121	100	True
312	部屋を口寄せするには、<br>まず、不安定な空間に向かって<br>方向キーを押してください。	방을 소환하려면 먼저<br>불안정한 공간 쪽으로<br>방향키를 눌러 주세요.	84	69	True
313	すると、そこがカーソルで選択されます。<br>その状態で<iconCIRCLE>ボタンを押すと、<br>口寄せに使う巻物の選択画面に進みます。	그러면 그 공간이 선택됩니다.<br>이 상태에서 <iconCIRCLE> 버튼을 누르면<br>소환할 두루마리를 고를 수 있습니다.	122	109	True
400	無幻城の心得	무환성 안내	12	11	True
401	<BLUE>－口寄せ－	<BLUE>－소환－	16	14	True
410	不安定な空間を選択したら、<br>次は口寄せに使う巻物を選択します。	불안정한 공간을 선택했다면<br>소환에 사용할 두루마리를 고릅니다.	64	64	True
411	方向キーで選択し、<iconCIRCLE>ボタンを押すと、<br>その巻物を使って部屋を口寄せします。<br><RED>（選択できるのは「巻物」枠内の巻物）	방향키로 고른 뒤 <iconCIRCLE> 버튼을 누르면<br>두루마리로 방을 소환합니다.<br><RED>(‘두루마리’ 칸 안에서 고릅니다.)	131	117	True
412	口寄せに使った巻物は無くなりますが、<br>その後、新しい巻物が補充されます。<br><RED>（補充されるのは「次」枠内の巻物）	사용한 두루마리는 사라지고<br>새 두루마리가 보충됩니다.<br><RED>(‘다음’ 칸의 두루마리가 들어옵니다.)	117	102	True
413	巻物は全部で６種類あり、<br>口寄せされる部屋はそれぞれ異なります。<br>状況に応じて使い分けていきましょう。	두루마리는 모두 6종류이며<br>각각 다른 방을 소환합니다.<br>상황에 맞게 사용해 주세요.	106	85	True
500	無幻城の心得	무환성 안내	12	11	True
501	<BLUE>－スキル－	<BLUE>－스킬－	16	14	True
510	この<RED>“無幻城”<BLACK>には、<br>障害物で塞がれた道や幻術で隠された道が<br>いくつか存在します。	이 <RED>“무환성”<BLACK>에는<br>장애물로 막힌 길이나<br>환술로 숨겨진 길이 있습니다.	98	85	True
511	その先に移動するには、<br>それらの障害を取り除く効果を持つ<br>スキルを使う必要があります。	그 너머로 이동하려면<br>장애물을 없앨 수 있는<br>스킬을 사용해야 합니다.	90	72	True
512	このフロアにある障害物で塞がれた道は、<br>ナルトのスキル「螺旋丸」などを使う事で<br>障害物が破壊され、先に進めるようになります。	이 층에서 장애물로 막힌 길은<br>나루토의 ‘나선환’ 등으로<br>장애물을 부수면 지나갈 수 있습니다.	128	97	True
513	スキルの内容はキャラクターごとに異なり、<br>使える回数も限られています。<br>状況に応じて有効に使っていきましょう。	스킬은 캐릭터마다 다르며<br>사용 횟수도 제한되어 있습니다.<br>상황에 맞게 잘 사용해 주세요.	114	91	True
600	無幻城の心得	무환성 안내	12	11	True
601	<BLUE>－癒しの間－	<BLUE>－치유의 방－	18	19	False
610	この<RED>“癒しの間”<BLACK>では、<br>体力・チャクラ・スキルが回復されたり、<br>小隊メンバーを変更したりする事ができます。	이 <RED>“치유의 방”<BLACK>에서는<br>체력・차크라・스킬을 회복하거나<br>소대원을 바꿀 수 있습니다.	122	99	True
611	小隊メンバーに選ばれなかった仲間は<br>その後も一緒に行動しますが、<br>バトルに参加する事はできません。	소대원으로 선택하지 않은 동료도<br>계속 함께 다니지만<br>전투에는 참가할 수 없습니다.	102	85	True
612	小隊を決めたら、次の<RED>“癒しの間”<BLACK>まで<br>メンバーを変更する事はできません。<br>状況に応じて慎重に編成しましょう。	소대를 정하면 다음 <RED>“치유의 방”<BLACK>까지<br>소대원을 바꿀 수 없습니다.<br>상황을 보고 신중하게 정해 주세요.	124	115	True
700	無幻城の心得	무환성 안내	12	11	True
701	<BLUE>－宝の間－	<BLUE>－보물의 방－	16	19	False
710	この<RED>“宝の間”<BLACK>では、<br>色々なアイテムを入手する事ができます。<br><RED>（入手したアイテムはアイテム画面で確認可）	이 <RED>“보물의 방”<BLACK>에서는<br>여러 아이템을 얻을 수 있습니다.<br><RED>(아이템 화면에서 확인할 수 있습니다.)	125	115	True
711	<BLUE>回復薬<BLACK>などの「回復アイテム」や<br><BLUE>攻撃の書<BLACK>などの「成長アイテム」は、<br>アイテム画面で使う事ができ、	<BLUE>회복약<BLACK> 같은 회복 아이템과<br><BLUE>공격의 서<BLACK> 같은 성장 아이템은<br>아이템 화면에서 사용할 수 있으며,	126	120	True
712	<BLUE>風魔手裏剣<BLACK>などの「戦闘アイテム」は、<br>バトル中にポーズメニューを開き、<br>アイテムストック項目で使う事ができます。	<BLUE>풍마수리검<BLACK> 같은 전투 아이템은<br>전투 중 일시 정지 메뉴를 열고<br>아이템 보관 항목에서 사용합니다.	129	111	True
713	基本的にアイテムは使うと無くなります。<br>状況に応じて有効に使っていきましょう。	아이템은 보통 사용하면 사라집니다.<br>상황에 맞게 잘 사용해 주세요.	80	67	True
