file	name	index	palette	offset	width	height	format	png
entry0002__1anbbod1.ccs	TEX_1anbbody	170	173	0x1d490	256	512	0x13	entry0002__1anbbod1__0170__TEX_1anbbody.png
entry0002__1anbbod1.ccs	TEX_1anbeye1	111	176	0x3d510	512	512	0x14	entry0002__1anbbod1__0111__TEX_1anbeye1.png
entry0002__1anbbod1.ccs	TEX_1anbeye2	115	177	0x5d590	512	512	0x14	entry0002__1anbbod1__0115__TEX_1anbeye2.png
entry0002__1anbbod1.ccs	TEX_1anbmou1	107	178	0x7d610	64	64	0x14	entry0002__1anbbod1__0107__TEX_1anbmou1.png
entry0002__1anbbod1.ccs	TEX_name	180	179	0x7de90	256	128	0x14	entry0002__1anbbod1__0180__TEX_name.png
entry0003__1cmnbod1.ccs	TEX_1cmnbody	158	155	0x3764	32	32	0x14	entry0003__1cmnbod1__0158__TEX_1cmnbody.png
entry0004__1dtubod1.ccs	TEX_1dtubody	169	172	0x1f268	256	512	0x13	entry0004__1dtubod1__0169__TEX_1dtubody.png
entry0004__1dtubod1.ccs	TEX_1dtueye1	107	175	0x3f2e8	512	512	0x14	entry0004__1dtubod1__0107__TEX_1dtueye1.png
entry0004__1dtubod1.ccs	TEX_1dtumou1	111	176	0x5f368	512	512	0x14	entry0004__1dtubod1__0111__TEX_1dtumou1.png
entry0004__1dtubod1.ccs	TEX_name	178	177	0x7f3e8	256	128	0x14	entry0004__1dtubod1__0178__TEX_name.png
entry0005__1forbod1.ccs	TEX_1forbody	169	172	0x1bff4	256	512	0x13	entry0005__1forbod1__0169__TEX_1forbody.png
entry0005__1forbod1.ccs	TEX_1foreye1	107	175	0x3c074	512	512	0x14	entry0005__1forbod1__0107__TEX_1foreye1.png
entry0005__1forbod1.ccs	TEX_1foreye2	177	176	0x5c0f4	256	256	0x14	entry0005__1forbod1__0177__TEX_1foreye2.png
entry0005__1forbod1.ccs	TEX_1formou1	114	178	0x64174	512	512	0x14	entry0005__1forbod1__0114__TEX_1formou1.png
entry0005__1forbod1.ccs	TEX_name	180	179	0x841f4	256	128	0x14	entry0005__1forbod1__0180__TEX_name.png
entry0006__1garbod1.ccs	TEX_1garbody	169	172	0x20034	256	512	0x13	entry0006__1garbod1__0169__TEX_1garbody.png
entry0006__1garbod1.ccs	TEX_1gareye1	107	175	0x400b4	512	512	0x14	entry0006__1garbod1__0107__TEX_1gareye1.png
entry0006__1garbod1.ccs	TEX_1garmou1	114	176	0x60134	512	512	0x14	entry0006__1garbod1__0114__TEX_1garmou1.png
entry0006__1garbod1.ccs	TEX_name	178	177	0x801b4	256	128	0x14	entry0006__1garbod1__0178__TEX_name.png
entry0007__1guybod1.ccs	TEX_1guybody	169	172	0x1f1b0	256	512	0x13	entry0007__1guybod1__0169__TEX_1guybody.png
entry0007__1guybod1.ccs	TEX_1guyeye1	107	175	0x3f230	512	512	0x14	entry0007__1guybod1__0107__TEX_1guyeye1.png
entry0007__1guybod1.ccs	TEX_1guymou1	114	176	0x5f2b0	512	512	0x14	entry0007__1guybod1__0114__TEX_1guymou1.png
entry0007__1guybod1.ccs	TEX_name	178	177	0x7f330	256	128	0x14	entry0007__1guybod1__0178__TEX_name.png
entry0008__1hakbod1.ccs	TEX_1hakbody	169	186	0x1db14	256	512	0x13	entry0008__1hakbod1__0169__TEX_1hakbody.png
entry0008__1hakbod1.ccs	TEX_1hakeye1	107	189	0x3db94	512	512	0x14	entry0008__1hakbod1__0107__TEX_1hakeye1.png
entry0008__1hakbod1.ccs	TEX_1hakmou1	114	190	0x5dc14	512	512	0x14	entry0008__1hakbod1__0114__TEX_1hakmou1.png
entry0008__1hakbod1.ccs	TEX_1haksenb	185	191	0x7dc94	64	32	0x14	entry0008__1hakbod1__0185__TEX_1haksenb.png
entry0008__1hakbod1.ccs	TEX_name	193	192	0x7e114	64	64	0x14	entry0008__1hakbod1__0193__TEX_name.png
entry0009__1hkgbod1.ccs	TEX_1hkgbody	168	171	0x1a8a4	256	512	0x13	entry0009__1hkgbod1__0168__TEX_1hkgbody.png
entry0009__1hkgbod1.ccs	TEX_1hkgeye1	110	174	0x3a924	512	512	0x14	entry0009__1hkgbod1__0110__TEX_1hkgeye1.png
entry0009__1hkgbod1.ccs	TEX_1hkgmou1	106	175	0x5a9a4	512	512	0x14	entry0009__1hkgbod1__0106__TEX_1hkgmou1.png
entry0009__1hkgbod1.ccs	TEX_name	177	176	0x7aa24	256	128	0x14	entry0009__1hkgbod1__0177__TEX_name.png
entry0010__1hntbod1.ccs	TEX_1hntbody	169	172	0x1d088	256	512	0x13	entry0010__1hntbod1__0169__TEX_1hntbody.png
entry0010__1hntbod1.ccs	TEX_1hnteye1	107	175	0x3d108	512	512	0x14	entry0010__1hntbod1__0107__TEX_1hnteye1.png
entry0010__1hntbod1.ccs	TEX_1hntmou1	111	176	0x5d188	512	512	0x14	entry0010__1hntbod1__0111__TEX_1hntmou1.png
entry0010__1hntbod1.ccs	TEX_st40body	350	353	0x966bc	256	256	0x13	entry0010__1hntbod1__0350__TEX_st40body.png
entry0010__1hntbod1.ccs	TEX_st40eye1	284	356	0xa673c	256	256	0x14	entry0010__1hntbod1__0284__TEX_st40eye1.png
entry0010__1hntbod1.ccs	TEX_st40mou1	291	357	0xae7bc	128	128	0x14	entry0010__1hntbod1__0291__TEX_st40mou1.png
entry0010__1hntbod1.ccs	TEX_name	359	358	0xb083c	256	128	0x14	entry0010__1hntbod1__0359__TEX_name.png
entry0011__1hnxbod1.ccs	TEX_1hnxbody	169	172	0x1c154	256	512	0x13	entry0011__1hnxbod1__0169__TEX_1hnxbody.png
entry0011__1hnxbod1.ccs	TEX_1hnxeye1	107	175	0x3c1d4	512	512	0x14	entry0011__1hnxbod1__0107__TEX_1hnxeye1.png
entry0011__1hnxbod1.ccs	TEX_1hnxmou1	114	176	0x5c254	512	512	0x14	entry0011__1hnxbod1__0114__TEX_1hnxmou1.png
entry0011__1hnxbod1.ccs	TEX_name	178	177	0x7c2d4	256	128	0x14	entry0011__1hnxbod1__0178__TEX_name.png
entry0012__1inobod1.ccs	TEX_1inobody	169	172	0x1e4a0	256	512	0x13	entry0012__1inobod1__0169__TEX_1inobody.png
entry0012__1inobod1.ccs	TEX_1inoeye1	111	175	0x3e520	512	512	0x14	entry0012__1inobod1__0111__TEX_1inoeye1.png
entry0012__1inobod1.ccs	TEX_1inomou1	107	176	0x5e5a0	512	512	0x14	entry0012__1inobod1__0107__TEX_1inomou1.png
entry0012__1inobod1.ccs	TEX_name	178	177	0x7e620	128	128	0x14	entry0012__1inobod1__0178__TEX_name.png
entry0013__1itcbod1.ccs	TEX_1itcbody	170	179	0x1fec0	256	512	0x13	entry0013__1itcbod1__0170__TEX_1itcbody.png
entry0013__1itcbod1.ccs	TEX_1itceye1	106	182	0x3ff40	512	512	0x14	entry0013__1itcbod1__0106__TEX_1itceye1.png
entry0013__1itcbod1.ccs	TEX_1itceye2	114	183	0x5ffc0	512	512	0x14	entry0013__1itcbod1__0114__TEX_1itceye2.png
entry0013__1itcbod1.ccs	TEX_1itceye3	185	184	0x80040	256	256	0x14	entry0013__1itcbod1__0185__TEX_1itceye3.png
entry0013__1itcbod1.ccs	TEX_1itcktn0	178	186	0x88480	64	128	0x13	entry0013__1itcbod1__0178__TEX_1itcktn0.png
entry0013__1itcbod1.ccs	TEX_1itcmou1	110	187	0x8a500	512	512	0x14	entry0013__1itcbod1__0110__TEX_1itcmou1.png
entry0013__1itcbod1.ccs	TEX_name	189	188	0xaa580	256	128	0x14	entry0013__1itcbod1__0189__TEX_name.png
entry0014__1jrybod1.ccs	TEX_1jrybody	169	172	0x1e4b8	256	512	0x13	entry0014__1jrybod1__0169__TEX_1jrybody.png
entry0014__1jrybod1.ccs	TEX_1jryeye1	107	175	0x3e538	512	512	0x14	entry0014__1jrybod1__0107__TEX_1jryeye1.png
entry0014__1jrybod1.ccs	TEX_1jrymou1	114	176	0x5e5b8	512	512	0x14	entry0014__1jrybod1__0114__TEX_1jrymou1.png
entry0014__1jrybod1.ccs	TEX_name	178	177	0x7e638	128	128	0x14	entry0014__1jrybod1__0178__TEX_name.png
entry0015__1kbtbod1.ccs	TEX_1kbtbody	169	172	0x1aff0	256	512	0x13	entry0015__1kbtbod1__0169__TEX_1kbtbody.png
entry0015__1kbtbod1.ccs	TEX_1kbteye1	107	175	0x3b070	512	512	0x14	entry0015__1kbtbod1__0107__TEX_1kbteye1.png
entry0015__1kbtbod1.ccs	TEX_1kbtmou1	114	176	0x5b0f0	512	512	0x14	entry0015__1kbtbod1__0114__TEX_1kbtmou1.png
entry0015__1kbtbod1.ccs	TEX_name	178	177	0x7b170	256	128	0x14	entry0015__1kbtbod1__0178__TEX_name.png
entry0016__1kibbod1.ccs	TEX_1kibbody	169	172	0x1be48	256	512	0x13	entry0016__1kibbod1__0169__TEX_1kibbody.png
entry0016__1kibbod1.ccs	TEX_1kibeye1	107	175	0x3bec8	512	512	0x14	entry0016__1kibbod1__0107__TEX_1kibeye1.png
entry0016__1kibbod1.ccs	TEX_1kibmou1	111	176	0x5bf48	512	512	0x14	entry0016__1kibbod1__0111__TEX_1kibmou1.png
entry0016__1kibbod1.ccs	TEX_name	178	177	0x7bfc8	256	128	0x14	entry0016__1kibbod1__0178__TEX_name.png
entry0017__1kksbod1.ccs	TEX_1kksbody	169	182	0x1a344	256	512	0x13	entry0017__1kksbod1__0169__TEX_1kksbody.png
entry0017__1kksbod1.ccs	TEX_1kkseye1	107	185	0x3a3c4	512	512	0x14	entry0017__1kksbod1__0107__TEX_1kkseye1.png
entry0017__1kksbod1.ccs	TEX_1kksicpr	179	186	0x5a804	256	256	0x13	entry0017__1kksbod1__0179__TEX_1kksicpr.png
entry0017__1kksbod1.ccs	TEX_1kksmou1	114	187	0x6a884	64	64	0x14	entry0017__1kksbod1__0114__TEX_1kksmou1.png
entry0017__1kksbod1.ccs	TEX_name	189	188	0x6b104	256	128	0x14	entry0017__1kksbod1__0189__TEX_name.png
entry0018__1knkbod1.ccs	TEX_1knkbody	169	425	0x311ac	256	512	0x13	entry0018__1knkbod1__0169__TEX_1knkbody.png
entry0018__1knkbod1.ccs	TEX_1knkeye1	107	428	0x5122c	512	512	0x14	entry0018__1knkbod1__0107__TEX_1knkeye1.png
entry0018__1knkbod1.ccs	TEX_1knkmou1	111	429	0x712ac	512	512	0x14	entry0018__1knkbod1__0111__TEX_1knkmou1.png
entry0018__1knkbod1.ccs	TEX_1krsbody	243	430	0x91f24	128	256	0x13	entry0018__1knkbod1__0243__TEX_1krsbody.png
entry0018__1knkbod1.ccs	TEX_1krsmant	412	433	0x9ab9c	128	256	0x13	entry0018__1knkbod1__0412__TEX_1krsmant.png
entry0018__1knkbod1.ccs	TEX_1krswing	424	436	0xa3814	128	64	0x13	entry0018__1knkbod1__0424__TEX_1krswing.png
entry0018__1knkbod1.ccs	TEX_name	440	439	0xa5894	256	128	0x14	entry0018__1knkbod1__0440__TEX_name.png
entry0019__1ksmbod1.ccs	TEX_1ksmbody	168	171	0x1cbf0	256	512	0x13	entry0019__1ksmbod1__0168__TEX_1ksmbody.png
entry0019__1ksmbod1.ccs	TEX_1ksmeye1	110	174	0x3cc70	512	512	0x14	entry0019__1ksmbod1__0110__TEX_1ksmeye1.png
entry0019__1ksmbod1.ccs	TEX_1ksmmou1	106	175	0x5ccf0	512	512	0x14	entry0019__1ksmbod1__0106__TEX_1ksmmou1.png
entry0019__1ksmbod1.ccs	TEX_name	177	176	0x7cd70	128	128	0x14	entry0019__1ksmbod1__0177__TEX_name.png
entry0020__1nejbod1.ccs	TEX_1nejbody	169	172	0x192ec	256	512	0x13	entry0020__1nejbod1__0169__TEX_1nejbody.png
entry0020__1nejbod1.ccs	TEX_1nejeye1	107	175	0x3936c	512	512	0x14	entry0020__1nejbod1__0107__TEX_1nejeye1.png
entry0020__1nejbod1.ccs	TEX_1nejmou1	114	176	0x593ec	512	512	0x14	entry0020__1nejbod1__0114__TEX_1nejmou1.png
entry0020__1nejbod1.ccs	TEX_name	178	177	0x7946c	128	128	0x14	entry0020__1nejbod1__0178__TEX_name.png
entry0021__1nrtbod1.ccs	TEX_1nrtbody	169	172	0x22444	256	512	0x13	entry0021__1nrtbod1__0169__TEX_1nrtbody.png
entry0021__1nrtbod1.ccs	TEX_1nrteye1	107	175	0x424c4	512	512	0x14	entry0021__1nrtbod1__0107__TEX_1nrteye1.png
entry0021__1nrtbod1.ccs	TEX_1nrtmou1	114	176	0x62544	512	512	0x14	entry0021__1nrtbod1__0114__TEX_1nrtmou1.png
entry0023__1nrxbod1.ccs	TEX_1nrxbod2	175	172	0x22644	256	512	0x13	entry0023__1nrxbod1__0175__TEX_1nrxbod2.png
entry0023__1nrxbod1.ccs	TEX_1nrxbody	169	176	0x432bc	256	512	0x13	entry0023__1nrxbod1__0169__TEX_1nrxbody.png
entry0023__1nrxbod1.ccs	TEX_1nrxeye1	107	179	0x6333c	512	512	0x14	entry0023__1nrxbod1__0107__TEX_1nrxeye1.png
entry0023__1nrxbod1.ccs	TEX_1nrxeye2	181	180	0x833bc	512	512	0x14	entry0023__1nrxbod1__0181__TEX_1nrxeye2.png
entry0023__1nrxbod1.ccs	TEX_1nrxmou1	111	182	0xa343c	512	512	0x14	entry0023__1nrxbod1__0111__TEX_1nrxmou1.png
entry0023__1nrxbod1.ccs	TEX_name	184	183	0xc34bc	256	128	0x14	entry0023__1nrxbod1__0184__TEX_name.png
entry0024__1nrzbod1.ccs	TEX_1nrzbody	169	172	0x1bc1c	256	512	0x13	entry0024__1nrzbod1__0169__TEX_1nrzbody.png
entry0024__1nrzbod1.ccs	TEX_1nrzeye1	107	175	0x3bc9c	512	512	0x14	entry0024__1nrzbod1__0107__TEX_1nrzeye1.png
entry0024__1nrzbod1.ccs	TEX_1nrzmou1	114	176	0x5bd1c	512	512	0x14	entry0024__1nrzbod1__0114__TEX_1nrzmou1.png
entry0024__1nrzbod1.ccs	TEX_name	178	177	0x7bd9c	128	128	0x14	entry0024__1nrzbod1__0178__TEX_name.png
entry0025__1orcbod1.ccs	TEX_1orcbody	169	180	0x1d430	256	512	0x13	entry0025__1orcbod1__0169__TEX_1orcbody.png
entry0025__1orcbod1.ccs	TEX_1orceye1	107	183	0x3d4b0	512	512	0x14	entry0025__1orcbod1__0107__TEX_1orceye1.png
entry0025__1orcbod1.ccs	TEX_1orckng	179	184	0x5d8f0	128	256	0x13	entry0025__1orcbod1__0179__TEX_1orckng.png
entry0025__1orcbod1.ccs	TEX_1orcmou1	114	185	0x65970	512	512	0x14	entry0025__1orcbod1__0114__TEX_1orcmou1.png
entry0025__1orcbod1.ccs	TEX_name	187	186	0x859f0	128	128	0x14	entry0025__1orcbod1__0187__TEX_name.png
entry0026__1rocbod1.ccs	TEX_1rocbod2	175	172	0x1d37c	256	512	0x13	entry0026__1rocbod1__0175__TEX_1rocbod2.png
entry0026__1rocbod1.ccs	TEX_1rocbody	169	176	0x3dff4	256	512	0x13	entry0026__1rocbod1__0169__TEX_1rocbody.png
entry0026__1rocbod1.ccs	TEX_1roceye1	111	179	0x5e074	512	512	0x14	entry0026__1rocbod1__0111__TEX_1roceye1.png
entry0026__1rocbod1.ccs	TEX_1rocmou1	107	180	0x7e0f4	512	512	0x14	entry0026__1rocbod1__0107__TEX_1rocmou1.png
entry0026__1rocbod1.ccs	TEX_name	182	181	0x9e174	256	128	0x14	entry0026__1rocbod1__0182__TEX_name.png
entry0027__1sikbod1.ccs	TEX_1sikbody	171	175	0x1c780	256	512	0x13	entry0027__1sikbod1__0171__TEX_1sikbody.png
entry0027__1sikbod1.ccs	TEX_1sikeye1	109	178	0x3c800	512	512	0x14	entry0027__1sikbod1__0109__TEX_1sikeye1.png
entry0027__1sikbod1.ccs	TEX_1sikmou1	116	179	0x5c880	512	512	0x14	entry0027__1sikbod1__0116__TEX_1sikmou1.png
entry0029__1sinbod1.ccs	TEX_1sinbody	169	172	0x1bb1c	256	512	0x13	entry0029__1sinbod1__0169__TEX_1sinbody.png
entry0029__1sinbod1.ccs	TEX_1sineye1	107	175	0x3bb9c	512	512	0x14	entry0029__1sinbod1__0107__TEX_1sineye1.png
entry0029__1sinbod1.ccs	TEX_1sinmou1	111	176	0x5bc1c	512	512	0x14	entry0029__1sinbod1__0111__TEX_1sinmou1.png
entry0029__1sinbod1.ccs	TEX_name	178	177	0x7bc9c	128	128	0x14	entry0029__1sinbod1__0178__TEX_name.png
entry0030__1skrbod1.ccs	TEX_1skrbody	168	171	0x1c27c	256	512	0x13	entry0030__1skrbod1__0168__TEX_1skrbody.png
entry0030__1skrbod1.ccs	TEX_1skreye1	106	174	0x3c2fc	512	512	0x14	entry0030__1skrbod1__0106__TEX_1skreye1.png
entry0030__1skrbod1.ccs	TEX_1skrmou1	110	175	0x5c37c	512	512	0x14	entry0030__1skrbod1__0110__TEX_1skrmou1.png
entry0030__1skrbod1.ccs	TEX_name	177	176	0x7c3fc	256	128	0x14	entry0030__1skrbod1__0177__TEX_name.png
entry0031__1sskbod1.ccs	TEX_1sskbod2	175	172	0x1ca90	256	512	0x13	entry0031__1sskbod1__0175__TEX_1sskbod2.png
entry0031__1sskbod1.ccs	TEX_1sskbody	169	176	0x3d708	256	512	0x13	entry0031__1sskbod1__0169__TEX_1sskbody.png
entry0031__1sskbod1.ccs	TEX_1sskeye1	107	179	0x5d788	512	512	0x14	entry0031__1sskbod1__0107__TEX_1sskeye1.png
entry0031__1sskbod1.ccs	TEX_1sskeye2	181	180	0x7d808	512	512	0x14	entry0031__1sskbod1__0181__TEX_1sskeye2.png
entry0031__1sskbod1.ccs	TEX_1sskmou1	111	182	0x9d888	512	512	0x14	entry0031__1sskbod1__0111__TEX_1sskmou1.png
entry0031__1sskbod1.ccs	TEX_name	184	183	0xbd908	256	128	0x14	entry0031__1sskbod1__0184__TEX_name.png
entry0032__1sznbod1.ccs	TEX_1sznbody	169	172	0x1a04c	256	512	0x13	entry0032__1sznbod1__0169__TEX_1sznbody.png
entry0032__1sznbod1.ccs	TEX_1szneye1	107	175	0x3a0cc	512	512	0x14	entry0032__1sznbod1__0107__TEX_1szneye1.png
entry0032__1sznbod1.ccs	TEX_1sznmou1	114	176	0x5a14c	512	512	0x14	entry0032__1sznbod1__0114__TEX_1sznmou1.png
entry0032__1sznbod1.ccs	TEX_name	178	177	0x7a1cc	128	128	0x14	entry0032__1sznbod1__0178__TEX_name.png
entry0033__1tenbod1.ccs	TEX_1tenbody	169	172	0x1c104	256	512	0x13	entry0033__1tenbod1__0169__TEX_1tenbody.png
entry0033__1tenbod1.ccs	TEX_1teneye1	107	175	0x3c184	512	512	0x14	entry0033__1tenbod1__0107__TEX_1teneye1.png
entry0033__1tenbod1.ccs	TEX_1tenmou1	111	176	0x5c204	512	512	0x14	entry0033__1tenbod1__0111__TEX_1tenmou1.png
entry0033__1tenbod1.ccs	TEX_name	178	177	0x7c284	128	128	0x14	entry0033__1tenbod1__0178__TEX_name.png
entry0034__1tmrbod1.ccs	TEX_1tmrbody	169	172	0x1d61c	256	512	0x13	entry0034__1tmrbod1__0169__TEX_1tmrbody.png
entry0034__1tmrbod1.ccs	TEX_1tmreye1	107	175	0x3d69c	512	512	0x14	entry0034__1tmrbod1__0107__TEX_1tmreye1.png
entry0034__1tmrbod1.ccs	TEX_1tmrmou1	111	176	0x5d71c	512	512	0x14	entry0034__1tmrbod1__0111__TEX_1tmrmou1.png
entry0034__1tmrbod1.ccs	TEX_name	178	177	0x7d79c	128	128	0x14	entry0034__1tmrbod1__0178__TEX_name.png
entry0035__1tndbod1.ccs	TEX_1tndbody	169	303	0x27fbc	256	512	0x13	entry0035__1tndbod1__0169__TEX_1tndbody.png
entry0035__1tndbod1.ccs	TEX_1tndeye1	107	306	0x4803c	512	512	0x14	entry0035__1tndbod1__0107__TEX_1tndeye1.png
entry0035__1tndbod1.ccs	TEX_1tndhand	300	307	0x68cb4	256	256	0x13	entry0035__1tndbod1__0300__TEX_1tndhand.png
entry0035__1tndbod1.ccs	TEX_1tndmou1	111	310	0x78d34	512	512	0x14	entry0035__1tndbod1__0111__TEX_1tndmou1.png
entry0035__1tndbod1.ccs	TEX_name	312	311	0x98db4	128	128	0x14	entry0035__1tndbod1__0312__TEX_name.png
entry0036__1tyobod1.ccs	TEX_1tyobody	169	172	0x1cd4c	256	512	0x13	entry0036__1tyobod1__0169__TEX_1tyobody.png
entry0036__1tyobod1.ccs	TEX_1tyoeye1	107	175	0x3cdcc	512	512	0x14	entry0036__1tyobod1__0107__TEX_1tyoeye1.png
entry0036__1tyobod1.ccs	TEX_1tyomou1	111	176	0x5ce4c	512	512	0x14	entry0036__1tyobod1__0111__TEX_1tyomou1.png
entry0036__1tyobod1.ccs	TEX_name	178	177	0x7cecc	256	128	0x14	entry0036__1tyobod1__0178__TEX_name.png
entry0037__1zbzbod1.ccs	TEX_1zbzbody	169	172	0x16634	256	512	0x13	entry0037__1zbzbod1__0169__TEX_1zbzbody.png
entry0037__1zbzbod1.ccs	TEX_1zbzeye1	107	175	0x366b4	512	512	0x14	entry0037__1zbzbod1__0107__TEX_1zbzeye1.png
entry0037__1zbzbod1.ccs	TEX_1zbzmou1	114	176	0x56734	64	64	0x14	entry0037__1zbzbod1__0114__TEX_1zbzmou1.png
entry0037__1zbzbod1.ccs	TEX_name	178	177	0x56fb4	256	128	0x14	entry0037__1zbzbod1__0178__TEX_name.png
entry0181__charsel1.ccs	TEX_cha_s01	2	1	0xe70	512	512	0x13	entry0181__charsel1__0002__TEX_cha_s01.png
entry0181__charsel1.ccs	TEX_gar_m	4	3	0x412b0	256	256	0x13	entry0181__charsel1__0004__TEX_gar_m.png
entry0181__charsel1.ccs	TEX_guy_m	6	5	0x516f0	256	256	0x13	entry0181__charsel1__0006__TEX_guy_m.png
entry0181__charsel1.ccs	TEX_hkg_m	8	7	0x61b30	256	256	0x13	entry0181__charsel1__0008__TEX_hkg_m.png
entry0181__charsel1.ccs	TEX_hnt_m	10	9	0x71f70	256	256	0x13	entry0181__charsel1__0010__TEX_hnt_m.png
entry0181__charsel1.ccs	TEX_ino_m	12	11	0x823b0	256	256	0x13	entry0181__charsel1__0012__TEX_ino_m.png
entry0181__charsel1.ccs	TEX_itc_m	14	13	0x927f0	256	256	0x13	entry0181__charsel1__0014__TEX_itc_m.png
entry0181__charsel1.ccs	TEX_jry_m	16	15	0xa2c30	256	256	0x13	entry0181__charsel1__0016__TEX_jry_m.png
entry0181__charsel1.ccs	TEX_kbt_m	18	17	0xb3070	256	256	0x13	entry0181__charsel1__0018__TEX_kbt_m.png
entry0181__charsel1.ccs	TEX_kib_m	20	19	0xc34b0	256	256	0x13	entry0181__charsel1__0020__TEX_kib_m.png
entry0181__charsel1.ccs	TEX_kks_m	22	21	0xd38f0	256	256	0x13	entry0181__charsel1__0022__TEX_kks_m.png
entry0181__charsel1.ccs	TEX_ksm_m	24	23	0xe3d30	256	256	0x13	entry0181__charsel1__0024__TEX_ksm_m.png
entry0181__charsel1.ccs	TEX_nej_m	26	25	0xf4170	256	256	0x13	entry0181__charsel1__0026__TEX_nej_m.png
entry0181__charsel1.ccs	TEX_nrt_m	28	27	0x1045b0	256	256	0x13	entry0181__charsel1__0028__TEX_nrt_m.png
entry0181__charsel1.ccs	TEX_orc_m	30	29	0x1149f0	256	256	0x13	entry0181__charsel1__0030__TEX_orc_m.png
entry0181__charsel1.ccs	TEX_roc_m	32	31	0x124e30	256	256	0x13	entry0181__charsel1__0032__TEX_roc_m.png
entry0181__charsel1.ccs	TEX_sik_m	34	33	0x135270	256	256	0x13	entry0181__charsel1__0034__TEX_sik_m.png
entry0181__charsel1.ccs	TEX_sin_m	36	35	0x1456b0	256	256	0x13	entry0181__charsel1__0036__TEX_sin_m.png
entry0181__charsel1.ccs	TEX_skr_m	38	37	0x155af0	256	256	0x13	entry0181__charsel1__0038__TEX_skr_m.png
entry0181__charsel1.ccs	TEX_ssk_m	40	39	0x165f30	256	256	0x13	entry0181__charsel1__0040__TEX_ssk_m.png
entry0181__charsel1.ccs	TEX_szn_m	42	41	0x176370	256	256	0x13	entry0181__charsel1__0042__TEX_szn_m.png
entry0181__charsel1.ccs	TEX_ten_m	44	43	0x1867b0	256	256	0x13	entry0181__charsel1__0044__TEX_ten_m.png
entry0181__charsel1.ccs	TEX_tnd_m	46	45	0x196bf0	256	256	0x13	entry0181__charsel1__0046__TEX_tnd_m.png
entry0181__charsel1.ccs	TEX_tyo_m	48	47	0x1a7030	256	256	0x13	entry0181__charsel1__0048__TEX_tyo_m.png
entry0181__charsel1.ccs	TEX_sel	50	49	0x1b7470	512	256	0x13	entry0181__charsel1__0050__TEX_sel.png
entry0181__charsel1.ccs	TEX_sel_bg	52	51	0x1d78b0	512	512	0x13	entry0181__charsel1__0052__TEX_sel_bg.png
entry0187__home.ccs	TEX_mhback01	72	172	0x10fc4	512	512	0x13	entry0187__home__0072__TEX_mhback01.png
entry0187__home.ccs	TEX_mhrec01	98	173	0x51404	256	128	0x13	entry0187__home__0098__TEX_mhrec01.png
entry0187__home.ccs	TEX_mhvid01	66	174	0x59844	256	128	0x13	entry0187__home__0066__TEX_mhvid01.png
entry0187__home.ccs	TEX_navi_nrt	176	175	0x61c84	256	256	0x13	entry0187__home__0176__TEX_navi_nrt.png
entry0187__home.ccs	TEX_photo_01	135	177	0x720c4	128	128	0x13	entry0187__home__0135__TEX_photo_01.png
entry0187__home.ccs	TEX_photo_02	139	178	0x76504	128	128	0x13	entry0187__home__0139__TEX_photo_02.png
entry0187__home.ccs	TEX_photo_03	143	179	0x7a944	128	128	0x13	entry0187__home__0143__TEX_photo_03.png
entry0187__home.ccs	TEX_photo_04	147	180	0x7ed84	128	128	0x13	entry0187__home__0147__TEX_photo_04.png
entry0187__home.ccs	TEX_photo_05	151	181	0x831c4	128	128	0x13	entry0187__home__0151__TEX_photo_05.png
entry0187__home.ccs	TEX_photo_06	155	182	0x87604	128	128	0x13	entry0187__home__0155__TEX_photo_06.png
entry0187__home.ccs	TEX_photo_07	159	183	0x8ba44	128	128	0x13	entry0187__home__0159__TEX_photo_07.png
entry0187__home.ccs	TEX_photo_08	163	184	0x8fe84	128	128	0x13	entry0187__home__0163__TEX_photo_08.png
entry0187__home.ccs	TEX_photo_09	167	185	0x942c4	128	128	0x13	entry0187__home__0167__TEX_photo_09.png
entry0187__home.ccs	TEX_photo_10	171	186	0x98704	128	128	0x13	entry0187__home__0171__TEX_photo_10.png
entry0193__modesel1.ccs	TEX_mod_bg00	2	1	0xaf0	512	256	0x13	entry0193__modesel1__0002__TEX_mod_bg00.png
entry0193__modesel1.ccs	TEX_mod_bg01	4	3	0x20f30	512	256	0x13	entry0193__modesel1__0004__TEX_mod_bg01.png
entry0193__modesel1.ccs	TEX_mod_bg03	6	5	0x41370	512	256	0x13	entry0193__modesel1__0006__TEX_mod_bg03.png
entry0193__modesel1.ccs	TEX_mod_bg04	8	7	0x617b0	512	256	0x13	entry0193__modesel1__0008__TEX_mod_bg04.png
entry0193__modesel1.ccs	TEX_mod_bg05	10	9	0x81bf0	512	256	0x13	entry0193__modesel1__0010__TEX_mod_bg05.png
entry0193__modesel1.ccs	TEX_mod_bg06	12	11	0xa2030	512	256	0x13	entry0193__modesel1__0012__TEX_mod_bg06.png
entry0193__modesel1.ccs	TEX_mod_bg07	14	13	0xc2470	512	256	0x13	entry0193__modesel1__0014__TEX_mod_bg07.png
entry0193__modesel1.ccs	TEX_makimono	18	37	0xe79c4	128	256	0x13	entry0193__modesel1__0018__TEX_makimono.png
entry0201__option.ccs	TEX_option01	2	1	0x510	512	256	0x13	entry0201__option__0002__TEX_option01.png
entry0203__setting.ccs	TEX_s_menu1	2	1	0x510	256	128	0x13	entry0203__setting__0002__TEX_s_menu1.png
entry0206__strmcmn.ccs	TEX_1cmnbodyc1	108	171	0x6f58	32	32	0x14	entry0206__strmcmn__0108__TEX_1cmnbodyc1.png
entry0206__strmcmn.ccs	TEX_e00back01	177	353	0x1fe30	128	128	0x13	entry0206__strmcmn__0177__TEX_e00back01.png
entry0206__strmcmn.ccs	TEX_e00back02	183	354	0x24270	128	128	0x13	entry0206__strmcmn__0183__TEX_e00back02.png
entry0206__strmcmn.ccs	TEX_e00back03	189	355	0x286b0	128	128	0x13	entry0206__strmcmn__0189__TEX_e00back03.png
entry0206__strmcmn.ccs	TEX_e00back04	195	356	0x2caf0	128	128	0x13	entry0206__strmcmn__0195__TEX_e00back04.png
entry0206__strmcmn.ccs	TEX_e00back05	201	357	0x30f30	128	128	0x13	entry0206__strmcmn__0201__TEX_e00back05.png
entry0206__strmcmn.ccs	TEX_e00back06	207	358	0x35370	128	128	0x13	entry0206__strmcmn__0207__TEX_e00back06.png
entry0206__strmcmn.ccs	TEX_e00back08	360	359	0x397b0	128	128	0x13	entry0206__strmcmn__0360__TEX_e00back08.png
entry0206__strmcmn.ccs	TEX_e00back09	213	361	0x3dbf0	128	128	0x13	entry0206__strmcmn__0213__TEX_e00back09.png
entry0206__strmcmn.ccs	TEX_e00back10	219	362	0x42030	128	128	0x13	entry0206__strmcmn__0219__TEX_e00back10.png
entry0206__strmcmn.ccs	TEX_e00back18	225	363	0x46470	128	128	0x13	entry0206__strmcmn__0225__TEX_e00back18.png
entry0206__strmcmn.ccs	TEX_e00color01	365	364	0x4a4f0	64	64	0x14	entry0206__strmcmn__0365__TEX_e00color01.png
entry0206__strmcmn.ccs	TEX_e00dash01	241	366	0x4b130	64	64	0x13	entry0206__strmcmn__0241__TEX_e00dash01.png
entry0206__strmcmn.ccs	TEX_e00dash02	247	367	0x4c570	64	64	0x13	entry0206__strmcmn__0247__TEX_e00dash02.png
entry0206__strmcmn.ccs	TEX_e00down01	257	368	0x4d9b0	128	256	0x13	entry0206__strmcmn__0257__TEX_e00down01.png
entry0206__strmcmn.ccs	TEX_e00floor01	269	369	0x55df0	128	256	0x13	entry0206__strmcmn__0269__TEX_e00floor01.png
entry0206__strmcmn.ccs	TEX_e00line07	284	370	0x5de70	64	256	0x14	entry0206__strmcmn__0284__TEX_e00line07.png
entry0206__strmcmn.ccs	TEX_e00smok01	304	371	0x602b0	128	128	0x13	entry0206__strmcmn__0304__TEX_e00smok01.png
entry0206__strmcmn.ccs	TEX_e00smok01a	308	372	0x646f0	128	128	0x13	entry0206__strmcmn__0308__TEX_e00smok01a.png
entry0206__strmcmn.ccs	TEX_e00smok02	312	373	0x68b30	128	128	0x13	entry0206__strmcmn__0312__TEX_e00smok02.png
entry0206__strmcmn.ccs	TEX_e00smok02a	316	374	0x6cf70	128	128	0x13	entry0206__strmcmn__0316__TEX_e00smok02a.png
entry0206__strmcmn.ccs	TEX_e00smok03	324	375	0x713b0	128	128	0x13	entry0206__strmcmn__0324__TEX_e00smok03.png
entry0206__strmcmn.ccs	TEX_e00smok03a	320	376	0x757f0	128	128	0x13	entry0206__strmcmn__0320__TEX_e00smok03a.png
entry0206__strmcmn.ccs	TEX_e00smok05	261	377	0x79c30	256	128	0x13	entry0206__strmcmn__0261__TEX_e00smok05.png
entry0206__strmcmn.ccs	TEX_e00smok06	334	378	0x82070	128	128	0x13	entry0206__strmcmn__0334__TEX_e00smok06.png
entry0206__strmcmn.ccs	TEX_e00smok07	340	379	0x864b0	128	128	0x13	entry0206__strmcmn__0340__TEX_e00smok07.png
entry0206__strmcmn.ccs	TEX_e00wave01	346	380	0x8a8f0	128	128	0x13	entry0206__strmcmn__0346__TEX_e00wave01.png
entry0206__strmcmn.ccs	TEX_e00wave03	352	381	0x8ed30	64	128	0x13	entry0206__strmcmn__0352__TEX_e00wave03.png
entry0206__strmcmn.ccs	TEX_e00white01	233	382	0x90db0	32	32	0x14	entry0206__strmcmn__0233__TEX_e00white01.png
entry0206__strmcmn.ccs	TEX_xspgau4	384	383	0x91030	64	64	0x14	entry0206__strmcmn__0384__TEX_xspgau4.png
entry0206__strmcmn.ccs	TEX_xspgau5	386	385	0x918b0	128	128	0x14	entry0206__strmcmn__0386__TEX_xspgau5.png
entry0214__gauge.ccs	TEX_paper	2	1	0x2e30	64	64	0x14	entry0214__gauge__0002__TEX_paper.png
entry0214__gauge.ccs	TEX_scroll	4	3	0x3a70	64	64	0x13	entry0214__gauge__0004__TEX_scroll.png
entry0214__gauge.ccs	TEX_vs_bg	24	25	0x6018	256	256	0x13	entry0214__gauge__0024__TEX_vs_bg.png
entry0214__gauge.ccs	TEX_vs_fire2	14	26	0x16458	512	256	0x13	entry0214__gauge__0014__TEX_vs_fire2.png
entry0214__gauge.ccs	TEX_flash	108	172	0x39cd4	32	32	0x14	entry0214__gauge__0108__TEX_flash.png
entry0214__gauge.ccs	TEX_spark	132	173	0x39f54	16	16	0x14	entry0214__gauge__0132__TEX_spark.png
entry0214__gauge.ccs	TEX_start	117	174	0x3a054	128	128	0x14	entry0214__gauge__0117__TEX_start.png
entry0214__gauge.ccs	TEX_vs	101	175	0x3c494	512	256	0x13	entry0214__gauge__0101__TEX_vs.png
entry0214__gauge.ccs	TEX_mg_txt05	177	176	0x5c514	128	64	0x14	entry0214__gauge__0177__TEX_mg_txt05.png
entry0214__gauge.ccs	TEX_mg_txt07	179	178	0x5d594	256	128	0x14	entry0214__gauge__0179__TEX_mg_txt07.png
entry0214__gauge.ccs	TEX_xload_00	181	180	0x619d4	128	128	0x13	entry0214__gauge__0181__TEX_xload_00.png
entry0214__gauge.ccs	TEX_gameover	245	244	0x6c7f4	256	128	0x14	entry0214__gauge__0245__TEX_gameover.png
entry0214__gauge.ccs	TEX_red	247	246	0x70c34	256	256	0x13	entry0214__gauge__0247__TEX_red.png
entry0214__gauge.ccs	TEX_skillg	249	248	0x81074	64	64	0x13	entry0214__gauge__0249__TEX_skillg.png
entry0214__gauge.ccs	TEX_white	251	250	0x820f4	256	128	0x14	entry0214__gauge__0251__TEX_white.png
entry0214__gauge.ccs	TEX_xbotan	253	252	0x86174	64	32	0x14	entry0214__gauge__0253__TEX_xbotan.png
entry0214__gauge.ccs	TEX_xclock1	222	254	0x869b4	64	64	0x13	entry0214__gauge__0222__TEX_xclock1.png
entry0214__gauge.ccs	TEX_xcommand	257	256	0x87a34	128	64	0x14	entry0214__gauge__0257__TEX_xcommand.png
entry0214__gauge.ccs	TEX_xcount	259	258	0x88ab4	128	64	0x14	entry0214__gauge__0259__TEX_xcount.png
entry0214__gauge.ccs	TEX_xgauge	261	260	0x89ef4	256	128	0x13	entry0214__gauge__0261__TEX_xgauge.png
entry0214__gauge.ccs	TEX_xgauge3	263	262	0x91f74	128	64	0x14	entry0214__gauge__0263__TEX_xgauge3.png
entry0214__gauge.ccs	TEX_xgauge5	265	264	0x92ff4	256	256	0x14	entry0214__gauge__0265__TEX_xgauge5.png
entry0214__gauge.ccs	TEX_xhanyou	267	266	0x9b434	128	128	0x13	entry0214__gauge__0267__TEX_xhanyou.png
entry0214__gauge.ccs	TEX_xhiden00	232	268	0x9f874	64	64	0x13	entry0214__gauge__0232__TEX_xhiden00.png
entry0214__gauge.ccs	TEX_xhpbar	271	270	0xa0cb4	16	16	0x13	entry0214__gauge__0271__TEX_xhpbar.png
entry0214__gauge.ccs	TEX_xicon	273	272	0xa11f4	256	128	0x13	entry0214__gauge__0273__TEX_xicon.png
entry0214__gauge.ccs	TEX_xicon02	275	274	0xa9274	64	64	0x14	entry0214__gauge__0275__TEX_xicon02.png
entry0214__gauge.ccs	TEX_xkun1	238	276	0xa9eb4	64	64	0x13	entry0214__gauge__0238__TEX_xkun1.png
entry0214__gauge.ccs	TEX_xmemory	278	277	0xaaf34	128	64	0x14	entry0214__gauge__0278__TEX_xmemory.png
entry0214__gauge.ccs	TEX_xmenu	280	279	0xac374	256	128	0x13	entry0214__gauge__0280__TEX_xmenu.png
entry0214__gauge.ccs	TEX_xpad	282	281	0xb47b4	64	32	0x13	entry0214__gauge__0282__TEX_xpad.png
entry0214__gauge.ccs	TEX_xpanel	284	283	0xb5034	64	128	0x14	entry0214__gauge__0284__TEX_xpanel.png
entry0214__gauge.ccs	TEX_xscroll	286	285	0xb6474	64	128	0x13	entry0214__gauge__0286__TEX_xscroll.png
entry0214__gauge.ccs	TEX_xselect	288	287	0xb88b4	256	256	0x13	entry0214__gauge__0288__TEX_xselect.png
entry0214__gauge.ccs	TEX_xselect2	290	289	0xc8934	256	128	0x14	entry0214__gauge__0290__TEX_xselect2.png
entry0214__gauge.ccs	TEX_xselect5	292	291	0xcc9b4	64	64	0x14	entry0214__gauge__0292__TEX_xselect5.png
entry0214__gauge.ccs	TEX_xshadow	243	293	0xcd234	32	32	0x14	entry0214__gauge__0243__TEX_xshadow.png
entry0214__gauge.ccs	TEX_xstart	295	294	0xcd4b4	128	128	0x14	entry0214__gauge__0295__TEX_xstart.png
entry0214__gauge.ccs	TEX_xsuccess	297	296	0xcf8f4	64	64	0x13	entry0214__gauge__0297__TEX_xsuccess.png
entry0214__gauge.ccs	TEX_xsuppo1	299	298	0xd0974	128	128	0x14	entry0214__gauge__0299__TEX_xsuppo1.png
entry0214__gauge.ccs	TEX_xtext	226	300	0xd29f4	128	128	0x14	entry0214__gauge__0226__TEX_xtext.png
entry0214__gauge.ccs	TEX_xwinner	302	301	0xd4e34	128	64	0x13	entry0214__gauge__0302__TEX_xwinner.png
entry0241__navi_nrt.ccs	TEX_navi_nrt_b	2	1	0x5d0	512	512	0x13	entry0241__navi_nrt__0002__TEX_navi_nrt_b.png
entry0241__navi_nrt.ccs	TEX_navi_nrt_e	4	3	0x40a10	128	256	0x13	entry0241__navi_nrt__0004__TEX_navi_nrt_e.png
entry0241__navi_nrt.ccs	TEX_navi_nrt_m	6	5	0x48e50	64	512	0x13	entry0241__navi_nrt__0006__TEX_navi_nrt_m.png
entry0373__mugen.ccs	TEX_blue	86	85	0xb5a4	256	128	0x13	entry0373__mugen__0086__TEX_blue.png
entry0373__mugen.ccs	TEX_char_gar	88	87	0x139e4	128	128	0x13	entry0373__mugen__0088__TEX_char_gar.png
entry0373__mugen.ccs	TEX_char_jry	90	89	0x17e24	128	128	0x13	entry0373__mugen__0090__TEX_char_jry.png
entry0373__mugen.ccs	TEX_char_nrt	92	91	0x1c264	128	128	0x13	entry0373__mugen__0092__TEX_char_nrt.png
entry0373__mugen.ccs	TEX_correct	94	93	0x202e4	64	64	0x14	entry0373__mugen__0094__TEX_correct.png
entry0373__mugen.ccs	TEX_cursor	96	95	0x20b64	32	32	0x14	entry0373__mugen__0096__TEX_cursor.png
entry0373__mugen.ccs	TEX_frame	98	97	0x20de4	32	32	0x14	entry0373__mugen__0098__TEX_frame.png
entry0373__mugen.ccs	TEX_hanyou	61	99	0x21424	256	256	0x13	entry0373__mugen__0061__TEX_hanyou.png
entry0373__mugen.ccs	TEX_map_bg	101	100	0x31864	256	256	0x13	entry0373__mugen__0101__TEX_map_bg.png
entry0373__mugen.ccs	TEX_map_icon	103	102	0x41ca4	256	128	0x13	entry0373__mugen__0103__TEX_map_icon.png
entry0373__mugen.ccs	TEX_mg_title	105	104	0x4a0e4	256	128	0x13	entry0373__mugen__0105__TEX_mg_title.png
entry0373__mugen.ccs	TEX_mgn_i00	107	106	0x52524	64	64	0x13	entry0373__mugen__0107__TEX_mgn_i00.png
entry0373__mugen.ccs	TEX_mgn_i01	109	108	0x53964	64	64	0x13	entry0373__mugen__0109__TEX_mgn_i01.png
entry0373__mugen.ccs	TEX_mgn_i02	111	110	0x54da4	64	64	0x13	entry0373__mugen__0111__TEX_mgn_i02.png
entry0373__mugen.ccs	TEX_mgn_i03	113	112	0x561e4	64	64	0x13	entry0373__mugen__0113__TEX_mgn_i03.png
entry0373__mugen.ccs	TEX_mgn_i04	115	114	0x57624	64	64	0x13	entry0373__mugen__0115__TEX_mgn_i04.png
entry0373__mugen.ccs	TEX_mgn_i05	117	116	0x58a64	64	64	0x13	entry0373__mugen__0117__TEX_mgn_i05.png
entry0373__mugen.ccs	TEX_mgn_i06	119	118	0x59ea4	64	64	0x13	entry0373__mugen__0119__TEX_mgn_i06.png
entry0373__mugen.ccs	TEX_mgn_i07	121	120	0x5b2e4	64	64	0x13	entry0373__mugen__0121__TEX_mgn_i07.png
entry0373__mugen.ccs	TEX_mgn_i08	123	122	0x5c724	64	64	0x13	entry0373__mugen__0123__TEX_mgn_i08.png
entry0373__mugen.ccs	TEX_mgn_i09	125	124	0x5db64	64	64	0x13	entry0373__mugen__0125__TEX_mgn_i09.png
entry0373__mugen.ccs	TEX_mgn_i10	127	126	0x5efa4	64	64	0x13	entry0373__mugen__0127__TEX_mgn_i10.png
entry0373__mugen.ccs	TEX_mgn_i11	129	128	0x603e4	64	64	0x13	entry0373__mugen__0129__TEX_mgn_i11.png
entry0373__mugen.ccs	TEX_mgn_i12	131	130	0x61824	64	64	0x13	entry0373__mugen__0131__TEX_mgn_i12.png
entry0373__mugen.ccs	TEX_mgn_i13	133	132	0x62c64	64	64	0x13	entry0373__mugen__0133__TEX_mgn_i13.png
entry0373__mugen.ccs	TEX_mgn_i14	135	134	0x640a4	64	64	0x13	entry0373__mugen__0135__TEX_mgn_i14.png
entry0373__mugen.ccs	TEX_mgn_i15	137	136	0x654e4	64	64	0x13	entry0373__mugen__0137__TEX_mgn_i15.png
entry0373__mugen.ccs	TEX_mgn_i16	139	138	0x66924	64	64	0x13	entry0373__mugen__0139__TEX_mgn_i16.png
entry0373__mugen.ccs	TEX_mgn_i17	141	140	0x67d64	64	64	0x13	entry0373__mugen__0141__TEX_mgn_i17.png
entry0373__mugen.ccs	TEX_mgn_i18	143	142	0x691a4	64	64	0x13	entry0373__mugen__0143__TEX_mgn_i18.png
entry0373__mugen.ccs	TEX_mgn_i19	145	144	0x6a5e4	64	64	0x13	entry0373__mugen__0145__TEX_mgn_i19.png
entry0373__mugen.ccs	TEX_mgn_i20	147	146	0x6ba24	64	64	0x13	entry0373__mugen__0147__TEX_mgn_i20.png
entry0373__mugen.ccs	TEX_mgn_i21	149	148	0x6ce64	64	64	0x13	entry0373__mugen__0149__TEX_mgn_i21.png
entry0373__mugen.ccs	TEX_mgn_i22	151	150	0x6e2a4	64	64	0x13	entry0373__mugen__0151__TEX_mgn_i22.png
entry0373__mugen.ccs	TEX_mgn_i23	153	152	0x6f6e4	64	64	0x13	entry0373__mugen__0153__TEX_mgn_i23.png
entry0373__mugen.ccs	TEX_mgn_i24	155	154	0x70b24	64	64	0x13	entry0373__mugen__0155__TEX_mgn_i24.png
entry0373__mugen.ccs	TEX_mgn_i25	157	156	0x71f64	64	64	0x13	entry0373__mugen__0157__TEX_mgn_i25.png
entry0373__mugen.ccs	TEX_mgn_i26	159	158	0x733a4	64	64	0x13	entry0373__mugen__0159__TEX_mgn_i26.png
entry0373__mugen.ccs	TEX_mgn_i27	161	160	0x747e4	64	64	0x13	entry0373__mugen__0161__TEX_mgn_i27.png
entry0373__mugen.ccs	TEX_mgn_i28	163	162	0x75c24	64	64	0x13	entry0373__mugen__0163__TEX_mgn_i28.png
entry0373__mugen.ccs	TEX_mgn_i29	165	164	0x77064	64	64	0x13	entry0373__mugen__0165__TEX_mgn_i29.png
entry0373__mugen.ccs	TEX_mgn_i30	167	166	0x784a4	64	64	0x13	entry0373__mugen__0167__TEX_mgn_i30.png
entry0373__mugen.ccs	TEX_mgn_i31	169	168	0x798e4	64	64	0x13	entry0373__mugen__0169__TEX_mgn_i31.png
entry0373__mugen.ccs	TEX_mgn_i32	171	170	0x7ad24	64	64	0x13	entry0373__mugen__0171__TEX_mgn_i32.png
entry0373__mugen.ccs	TEX_mgn_i33	173	172	0x7c164	64	64	0x13	entry0373__mugen__0173__TEX_mgn_i33.png
entry0373__mugen.ccs	TEX_mgn_i34	175	174	0x7d5a4	64	64	0x13	entry0373__mugen__0175__TEX_mgn_i34.png
entry0373__mugen.ccs	TEX_mgn_i35	177	176	0x7e9e4	64	64	0x13	entry0373__mugen__0177__TEX_mgn_i35.png
entry0373__mugen.ccs	TEX_mgn_i36	179	178	0x7fe24	64	64	0x13	entry0373__mugen__0179__TEX_mgn_i36.png
entry0373__mugen.ccs	TEX_mgn_i37	181	180	0x81264	64	64	0x13	entry0373__mugen__0181__TEX_mgn_i37.png
entry0373__mugen.ccs	TEX_mgn_light	183	182	0x826a4	256	256	0x13	entry0373__mugen__0183__TEX_mgn_light.png
entry0373__mugen.ccs	TEX_mist	66	184	0x92ae4	256	256	0x13	entry0373__mugen__0066__TEX_mist.png
entry0373__mugen.ccs	TEX_mistake	186	185	0xa2b64	64	64	0x14	entry0373__mugen__0186__TEX_mistake.png
entry0373__mugen.ccs	TEX_mugen_bg	188	187	0xa37a4	512	512	0x13	entry0373__mugen__0188__TEX_mugen_bg.png
entry0373__mugen.ccs	TEX_name	190	189	0xe3824	512	256	0x14	entry0373__mugen__0190__TEX_name.png
entry0373__mugen.ccs	TEX_prv_001	192	191	0xf3c64	256	128	0x13	entry0373__mugen__0192__TEX_prv_001.png
entry0373__mugen.ccs	TEX_prv_002	194	193	0xfc0a4	256	128	0x13	entry0373__mugen__0194__TEX_prv_002.png
entry0373__mugen.ccs	TEX_prv_003	196	195	0x1044e4	256	128	0x13	entry0373__mugen__0196__TEX_prv_003.png
entry0373__mugen.ccs	TEX_prv_004	198	197	0x10c924	256	128	0x13	entry0373__mugen__0198__TEX_prv_004.png
entry0373__mugen.ccs	TEX_prv_005	200	199	0x114d64	256	128	0x13	entry0373__mugen__0200__TEX_prv_005.png
entry0373__mugen.ccs	TEX_prv_006	202	201	0x11d1a4	256	128	0x13	entry0373__mugen__0202__TEX_prv_006.png
entry0373__mugen.ccs	TEX_prv_007	204	203	0x1255e4	256	128	0x13	entry0373__mugen__0204__TEX_prv_007.png
entry0373__mugen.ccs	TEX_prv_008	206	205	0x12da24	256	128	0x13	entry0373__mugen__0206__TEX_prv_008.png
entry0373__mugen.ccs	TEX_prv_009	208	207	0x135e64	256	128	0x13	entry0373__mugen__0208__TEX_prv_009.png
entry0373__mugen.ccs	TEX_prv_010	210	209	0x13e2a4	256	128	0x13	entry0373__mugen__0210__TEX_prv_010.png
entry0373__mugen.ccs	TEX_prv_011	212	211	0x1466e4	256	128	0x13	entry0373__mugen__0212__TEX_prv_011.png
entry0373__mugen.ccs	TEX_prv_012	214	213	0x14eb24	256	128	0x13	entry0373__mugen__0214__TEX_prv_012.png
entry0373__mugen.ccs	TEX_red	216	215	0x156f64	256	128	0x13	entry0373__mugen__0216__TEX_red.png
entry0373__mugen.ccs	TEX_roll_sel	218	217	0x15efe4	64	64	0x14	entry0373__mugen__0218__TEX_roll_sel.png
entry0373__mugen.ccs	TEX_roll_sel2	220	219	0x15f864	64	64	0x14	entry0373__mugen__0220__TEX_roll_sel2.png
entry0373__mugen.ccs	TEX_scroll	222	221	0x1604a4	128	128	0x13	entry0373__mugen__0222__TEX_scroll.png
entry0373__mugen.ccs	TEX_smoke	79	223	0x164524	32	32	0x14	entry0373__mugen__0079__TEX_smoke.png
entry0373__mugen.ccs	TEX_smoke2	84	224	0x1647a4	64	64	0x14	entry0373__mugen__0084__TEX_smoke2.png
entry0373__mugen.ccs	TEX_st_gar	226	225	0x1653e4	128	128	0x13	entry0373__mugen__0226__TEX_st_gar.png
entry0373__mugen.ccs	TEX_st_guy	228	227	0x169824	128	128	0x13	entry0373__mugen__0228__TEX_st_guy.png
entry0373__mugen.ccs	TEX_st_hkg	230	229	0x16dc64	128	128	0x13	entry0373__mugen__0230__TEX_st_hkg.png
entry0373__mugen.ccs	TEX_st_hnt	232	231	0x1720a4	128	128	0x13	entry0373__mugen__0232__TEX_st_hnt.png
entry0373__mugen.ccs	TEX_st_ino	234	233	0x1764e4	128	128	0x13	entry0373__mugen__0234__TEX_st_ino.png
entry0373__mugen.ccs	TEX_st_itc	236	235	0x17a924	128	128	0x13	entry0373__mugen__0236__TEX_st_itc.png
entry0373__mugen.ccs	TEX_st_jry	238	237	0x17ed64	128	128	0x13	entry0373__mugen__0238__TEX_st_jry.png
entry0373__mugen.ccs	TEX_st_kbt	240	239	0x1831a4	128	128	0x13	entry0373__mugen__0240__TEX_st_kbt.png
entry0373__mugen.ccs	TEX_st_kib	242	241	0x1875e4	128	128	0x13	entry0373__mugen__0242__TEX_st_kib.png
entry0373__mugen.ccs	TEX_st_kks	244	243	0x18ba24	128	128	0x13	entry0373__mugen__0244__TEX_st_kks.png
entry0373__mugen.ccs	TEX_st_ksm	246	245	0x18fe64	128	128	0x13	entry0373__mugen__0246__TEX_st_ksm.png
entry0373__mugen.ccs	TEX_st_nej	248	247	0x1942a4	128	128	0x13	entry0373__mugen__0248__TEX_st_nej.png
entry0373__mugen.ccs	TEX_st_nrt	250	249	0x1986e4	128	128	0x13	entry0373__mugen__0250__TEX_st_nrt.png
entry0373__mugen.ccs	TEX_st_orc	252	251	0x19cb24	128	128	0x13	entry0373__mugen__0252__TEX_st_orc.png
entry0373__mugen.ccs	TEX_st_roc	254	253	0x1a0f64	128	128	0x13	entry0373__mugen__0254__TEX_st_roc.png
entry0373__mugen.ccs	TEX_st_sik	256	255	0x1a53a4	128	128	0x13	entry0373__mugen__0256__TEX_st_sik.png
entry0373__mugen.ccs	TEX_st_sin	258	257	0x1a97e4	128	128	0x13	entry0373__mugen__0258__TEX_st_sin.png
entry0373__mugen.ccs	TEX_st_skr	260	259	0x1adc24	128	128	0x13	entry0373__mugen__0260__TEX_st_skr.png
entry0373__mugen.ccs	TEX_st_ssk	262	261	0x1b2064	128	128	0x13	entry0373__mugen__0262__TEX_st_ssk.png
entry0373__mugen.ccs	TEX_st_szn	264	263	0x1b64a4	128	128	0x13	entry0373__mugen__0264__TEX_st_szn.png
entry0373__mugen.ccs	TEX_st_ten	266	265	0x1ba8e4	128	128	0x13	entry0373__mugen__0266__TEX_st_ten.png
entry0373__mugen.ccs	TEX_st_tnd	268	267	0x1bed24	128	128	0x13	entry0373__mugen__0268__TEX_st_tnd.png
entry0373__mugen.ccs	TEX_st_tyo	270	269	0x1c3164	128	128	0x13	entry0373__mugen__0270__TEX_st_tyo.png
entry0373__mugen.ccs	TEX_white	272	271	0x1c75a4	256	256	0x13	entry0373__mugen__0272__TEX_white.png
entry0373__mugen.ccs	TEX_window	274	273	0x1d79e4	128	128	0x13	entry0373__mugen__0274__TEX_window.png
entry0373__mugen.ccs	TEX_yellow	276	275	0x1dba64	256	128	0x14	entry0373__mugen__0276__TEX_yellow.png
entry0524__rpggauge.ccs	TEX_rpgmenu01	14	13	0x1310	512	256	0x13	entry0524__rpggauge__0014__TEX_rpgmenu01.png
entry0524__rpggauge.ccs	TEX_rpgmenu02	16	15	0x21390	512	256	0x14	entry0524__rpggauge__0016__TEX_rpgmenu02.png
entry0524__rpggauge.ccs	TEX_rpgmenu03	18	17	0x31410	64	64	0x14	entry0524__rpggauge__0018__TEX_rpgmenu03.png
entry0524__rpggauge.ccs	TEX_rpgmenu04	10	19	0x32050	64	128	0x13	entry0524__rpggauge__0010__TEX_rpgmenu04.png
entry0524__rpggauge.ccs	TEX_konoha	29	39	0x344d8	64	64	0x14	entry0524__rpggauge__0029__TEX_konoha.png
entry0524__rpggauge.ccs	TEX_s_yajirusi2	30	41	0x34d58	128	128	0x14	entry0524__rpggauge__0030__TEX_s_yajirusi2.png
