review_index	game_key	speaker_code	category	japanese	english	before	after	reason	before_line_lengths	after_line_lengths
10	event000.tbl#010	NRT	PARTICLE_SEMANTIC	へへ！　<br>オレってば一楽のラーメンをたらふく…。	Hm, I feel like pigging out on some<br>Ichiraku ramen.	헤헤!<br>난 일락 라면이나 배 터지게…	헤헤!<br>난 일락 라면을 배 터지게…	`を` is direct object; current `이나` adds an unsupported 'or something' nuance.	3/16	3/15
412	event010.tbl#027	KSU	ARGUMENT_ROLE	それにね…リボンはかわいい子に<br>つけられてた方が幸せなのよ。	And it'll make the ribbon happy to be<br>worn by a pretty girl.	그리고… 리본도 귀여운 아이가<br>달아주는 편이 행복할 거야.	그리고… 리본도 귀여운 아이가<br>달고 있는 편이 행복할 거야.	`かわいい子につけられてた方` means the ribbon is happier being worn by a cute girl.	16/15	16/16
431	event010.tbl#046	KRH	SUBJECT	助かる…？　<br>フ……フフフフフ！	Your village will be saved...?<br>Ha...ha ha ha ha ha!	구한다고…?<br>후… 후후후후후!	구해진다고…?<br>후… 후후후후후!	`助かる？` asks whether the village will be saved, not whether the speaker will save it.	6/9	7/9
435	event010.tbl#050	KRH	NATURAL_KO	そのために、周囲からより一層多くの<br>生気を吸い取り始める。	and in order to do so, it sucks the life out of<br>more and more people around the castle.	그러기 위해서 주변에서 보다 많은<br>생기를 빨아들이기 시작하지.	그러기 위해 주변의 생기를<br>더 많이 빨아들이기 시작하지.	Remove awkward literal `주변에서 보다 많은 생기` while preserving meaning.	18/15	14/16
496	event011.tbl#016	JJO	COLLOCATION	その…心ばかりのお礼です。	Uh... This is a token of our appreciation.	그… 작은 감사입니다.	그… 작은 답례입니다.	`心ばかりのお礼` is a small token/return gift; `작은 감사` is unnatural Korean.	12	12
549	event012.tbl#027	GUY	BROKEN_SENTENCE	だが、オレたちも何もしなかったわけではない。<br>隙を見て城の札を一枚はいでやったぞ！	But that doesn't mean we wasted our energy!<br>In the end, we managed to peel off one of the seals!	허나 우리들도 아무 것도 안한 건 아니야.<br>틈을 타 성의 부적 중 하나를 떼어냈고!	하지만 우리도 아무것도 안 한 건 아니야.<br>틈을 타 성의 부적 하나를 떼어냈다!	Current line ends with `떼어냈고!` although Japanese is a completed assertion.	23/22	23/20
551	event012.tbl#029	NRT	OCR_NATURALNESS	よーし、よーし！　<br>これであとは…えーと…三枚だな！！	Excellent!<br>That means all that's left is... three seals!	좋아, 좋아!<br>이걸로 나머진… 어디… 3장이다!	좋아, 좋아!<br>이걸로 나머진… 어디 보자… 3장이다!	Restore the missing `어디 보자` counting transition.	7/18	7/21
583	event013.tbl#010	HIS	OCR_TYPO	ぐああああッ！！	Aaaaugh!	크아아앙악!!	크아아아악!!	Remove corrupted roar `크아아앙악`.	7	7
640	event014.tbl#008	SIK	GRAMMAR	まあ、お前が何に悩んでるかは分かるけどよ…。	Well, I know how you're feeling, but...	뭐, 네가 뭘 고민하는 건 이해하겠지만…	뭐, 네가 뭘 고민하는지는 알겠지만…	`뭘 고민하는 건 이해` is an awkward object construction.	22	20
652	event014.tbl#020	NRT	VOICE_GRAMMAR	そ…それって！　じゃあさ、じゃあさ、<br>本当のことが分かったのかよ、カカシ先生！？	S...So you found out<br>what really happened, Kakashi sensei!?	그… 그럼! 진짜 있었던 일을<br>알아낸 거예요, 카카시 선생님!?	그… 그럼! 진짜 있었던 일을<br>알아낸 거야, 카카시 선생님!?	Naruto's source is casual; remove the accidental polite ending.	16/18	16/17
674	event014.tbl#042	ORC	IDIOM	一つめ……この惨劇を忘れ、<br>ただ、指をくわえて泣き寝入りすること…。	Number one... To forget about this tragedy and do nothing...	첫 번째… 이 참극을 잊고, 그저<br>아무것도 하지 않고 울며 받아들이는 것…	첫 번째… 이 참극을 잊고,<br>그저 손 놓고 당한 채 넘어가는 것…	`指をくわえて泣き寝入り` means helplessly accepting defeat, not literally crying and accepting it.	18/22	15/20
728	event014.tbl#096	KKS	NATURAL_KO	だが、何らかの方法で姫の憎しみの心を<br>溶かすことができたなら…、	But if we could dissipate her hatred in some way...	하지만 어떤 방법으로 공주의<br>증오하는 마음을 풀 수 있다면…	하지만 어떻게든 공주의 증오를<br>녹일 수 있다면…	`憎しみの心を溶かす` is better expressed as melting/dissolving the hatred.	15/17	16/9
738	event014.tbl#106	KKS	NATURAL_KO	<KOFF>（<KON>フッ…人を救うことになると…アイツは強いな…<KOFF>）<KON>	(Heh... When it comes to rescuing someone... <br>He's unstoppable...)	<KOFF>（<KON>후… 사람을 구하는 일이<br>되면… 저 녀석은 강하군…<KOFF>）<KON>	<KOFF>（<KON>후… 사람을 구하는 일이라면…<br>저 녀석은 정말 강하군…<KOFF>）<KON>	Repair the literal `사람을 구하는 일이 되면` construction.	14/15	17/14
786	event015.tbl#047	NRT	PARTICLE	今は…どんな小さな可能性でも<br>かけてみねーと…。	If there's even the smallest chance,<br>we've got to risk it.	지금은… 아무리 작은 가능성이라도<br>걸어봐야 해…	지금은… 아무리 작은 가능성에라도<br>걸어봐야 해…	A possibility is something one bets `on`; current Korean omitted the required particle.	18/7	18/7
849	event018.tbl#011	KRH	NATURAL_KO	いつまでもコソコソと動かれては困る…。	Don't sneak around like that...	언제까지 몰래 움직여서야 곤란하지…	언제까지 그렇게 몰래<br>움직여 다니게 둘 순 없지…	Repair literal `몰래 움직여서야 곤란하지` phrasing.	19	11/15
870	event018.tbl#032	NRT	TENSE_VOICE	これを貰った人たち…すげー喜んでた！　	The people you gave these to...<br>They looked so happy!	이걸 받은 사람들… 무지 기뻐했다고!	이걸 받은 사람들… 무지 기뻐했어!	Naruto is describing the observed reaction directly, not quoting a report.	20	19
873	event018.tbl#035	NRT	NATURAL_KO	あんなに大きかった優しさが…<br>今の姉ちゃんに残ってねェわけねーだろ！！	Such a good heart...It must still be in there,<br>even now!	그렇게 큰 상냥함이… 지금 누나한테<br>남아 있지 않을 리 없잖아!!	그렇게 따뜻한 마음이… 지금 누나한테<br>남아 있지 않을 리 없잖아!!	Use the established `따뜻한 마음` phrasing instead of the unnatural abstract `큰 상냥함`.	19/16	20/16
908	event019.tbl#016	SKR	TERM_SPACING	カカシ先生…さっきの三人って…<br>昔の夕霧城にいた…あの人たち？	Kakashi sensei... Those three people...did they live <br>in Castle Dusk?	카카시 선생님… 방금 전 세 사람은 혹시…<br>옛날 저녁안개 성에 있던 그 사람들일까요?	카카시 선생님… 방금 전 세 사람은 혹시…<br>옛날 저녁안개성에 있던 그 사람들일까요?	Keep `저녁안개성` consistent as the castle name.	23/23	23/22
984	event020.tbl#046	NRT	NATURAL_KO	少しでもいいから…、<br>あの優しさを取りもどしてくれよ…！	Try to get back that person you once were...!<br>Just a little bit...	조금이라도 좋으니까…<br>옛날의 상냥함을 되찾아줘…!	조금이라도 좋으니까…<br>그 따뜻한 마음을 되찾아 줘…!	Repair `옛날의 상냥함` into natural Korean while preserving the meaning.	11/15	11/17
1008	event021.tbl#014	KRH	HONORIFIC_TARGET	それは本当ですよね。<br>ウソじゃないですよね？　	It is true, right?<br>It's not a lie, is it?	그거 정말이시죠?<br>거짓말 아니죠?	그거 정말이죠?<br>거짓말 아니죠?	The truth/statement is being questioned; `정말이시죠` incorrectly honorifies the proposition.	9/8	8/8
1121	event021.tbl#127	NEJ	OMITTED_DETAIL	まずいぞ…ナルトのチャクラ…、<br>いや全ての心肺機能が急速に弱ってきている。	This is not good. Naruto's chakra... And all of his<br>cardiopulmonary functions are weakening rapidly.	위험하다… 나루토의 차크라… 아니,<br>몸 상태가 빠르게 약해지고 있어.	위험하다… 나루토의 차크라… 아니,<br>심폐 기능 전체가 빠르게 약해지고 있어.	Restore Japanese `全ての心肺機能` (all cardiopulmonary functions).	19/18	19/22
1125	event021.tbl#131	KRH	JP_PUNCTUATION	……………。		……………。	……………	Remove Japanese full stop left in the Korean payload.	6	5
1137	event021.tbl#143	KKS	IMPLICIT_ACTION	我愛羅くん、悪いけど頼まれてくれないかい？<br>オレは後からナルトを連れて行くから。	Gaara, will you help us? <br>I'll see to Naruto later.	가아라 군, 미안하지만 부탁할게.<br>난 뒤에서 나루토를 데리고 갈게.	가아라 군, 미안하지만 먼저 가 줄래?<br>난 뒤에서 나루토를 데리고 갈게.	Context makes Kakashi's request to Gaara 'go ahead'; current `부탁할게` is underspecified.	18/18	21/18
1157	event022.tbl#017	GAR	NATURAL_KO	話は終わりか？　<br>ならばこちらから行く…。	Are you done?<br>Because I'm losing patience.	얘기는 끝났나?<br>그럼 이쪽에서 간다…	얘기는 끝났나?<br>그럼 내가 먼저 간다…	`こちらから行く` means 'I'll make the first move', not `이쪽에서 간다`.	8/11	8/12
1163	event022.tbl#024	KKS	GRAMMAR	ふう…どうやら上手く巻物を<br>手に入れたみたいだね。	Phew... So you managed to get the <br>scroll.	후우… 아무래도 두루마리를<br>잘 손에 넣은 모양이네.	후우… 아무래도 두루마리를<br>무사히 손에 넣은 모양이네.	Repair `잘 손에 넣은` word order/collocation.	14/13	14/15
1206	event022.tbl#067	NRT	GRAMMAR	よーし！！　こっからは、このうずまきナルト様に<br>任せとけってばよ！！　	All right! Leave the rest to Naruto Uzumaki!	좋았어!! 이제부턴 이 우즈마키<br>나루토 님에게 맡겨두라니깐!!	좋았어!! 이제부턴 이 우즈마키<br>나루토 님에게 맡기라니깐!!	`맡겨두라니깐` is awkward here; Naruto says to leave it to him.	17/16	17/15
1250	event024.tbl#021	KIB	WORD_CHOICE	おい！　お前はその女を城から救い出すって<br>約束したんだろーが！！	Hey! You promised that you'd get that girl out of <br>the castle, right!? 	어이! 너 그 여자를 성에서 해방시켜<br>준다고 약속했잖아!!	어이! 너 그 여자를 성에서 구해내겠다고<br>약속했잖아!!	`救い出す` is 'rescue/save', not the stiffer `해방시켜 주다` in this context.	20/11	22/7
1332	event025.tbl#060	KSU	BROKEN_KO	な…なんてチャクラ…。<br>こんな…。	Wh...what chakra is this?<br>No...	무… 무슨 차크라가…<br>이럴 수가…	무… 무슨 차크라야…<br>이럴 수가…	Repair incomplete `무슨 차크라가…` construction.	11/6	11/6
1337	event025.tbl#065	KSU	REDUNDANCY	私のことは…もういいから…逃げて！　<br>このままだとアナタが！！	Don't worry about me! Run away!<br>At this rate, you'll never win!	난 됐으니까… 이제 됐으니까… 도망쳐!<br>이대로 가다간 네가…	난 이제 됐으니까… 도망쳐!<br>이대로 가다간 네가…!	Remove duplicated `난 됐으니까 / 이제 됐으니까` caused by literal stitching.	21/11	15/12
1347	event025.tbl#075	NRT	IDIOM	まっすぐ…自分の言葉は曲げねェ……。<br>それが…、	I never go back on my word...<br>That's...	똑바로… 자기 말은 절대 바꾸지 않아…….<br>그게…	한번 한 말은 절대 뒤집지 않아…….<br>그게…	`自分の言葉は曲げねェ` means never going back on one's word.	23/3	20/3
1388	event025.tbl#116	KSU	BROKEN_KO	ごめんね……私にはもう力はない…。<br>アナタを助けることも…何もできない……。	Sorry... I have no more power...<br>I can't...save you... I can do nothing...	미안해…… 나에겐 이제 힘이 없어…<br>널 도와주는 것도… 아무것도 못 해……	미안해…… 나에겐 이제 힘이 없어…<br>널 도와줄 수도… 아무것도 할 수 없어……	Repair `도와주는 것도… 아무것도 못 해` into a complete Korean sentence.	19/21	19/23
1391	event025.tbl#119	KSU	TERM_CLARITY	夕霧のみんなを………木ノ葉のみんなを…<br>助けてあげて…！！	Help... the people in Castle Dusk...<br>and everyone in the Hidden Leaf Village!	저녁안개 사람들을……… 나뭇잎 사람들을…<br>구해줘…!!	저녁안개성 사람들을……… 나뭇잎 사람들을…<br>구해줘…!!	Clarify that `夕霧のみんな` means the people of Castle Dusk.	22/6	23/6
1409	event025.tbl#137	KSU	SEMANTIC_NUANCE	アナタがいなければ私はずっと暗くて、<br>辛くて、苦しい思いをしていたわ。	I would have continued to suffer pain and bitterness<br>in the dark without you.	네가 없었다면 난 계속<br>어둡고 힘든 생각에 빠져 있었을 거야.	네가 없었다면 난 계속 어둡고,<br>힘들고 괴로운 마음으로 살았을 거야.	`暗くて、辛くて、苦しい思い` describes painful feelings, not merely 'dark thoughts'.	12/21	17/20
1523	event100.tbl#054	SZN	JP_PUNCTUATION	……………。		……………。	……………	Remove Japanese full stop left in the Korean payload.	6	5
1537	event100.tbl#068	JRY	OCR_NATURALNESS	ふぅむ…何もないようだのォ…。<br>問題なし…か…。	Hmm... There's nothing strange here...<br>Seems all right... huh...?	흐음… 아무것도 없는 것 같군…<br>문제없음… 인가…	흐음… 아무것도 없는 것 같군…<br>문제없는 건가…	Repair literal/OCR-like `문제없음… 인가`.	17/9	17/8
1554	event100.tbl#085	KSU	GRAMMAR	フフ…アナタはウソつきではないわ。<br>行商人さん。	Hee hee... So you're not a liar, huh,<br>Mr. Peddler?	후후… 당신은 거짓말하는 사람은 아니네요.<br>행상인 씨.	후후… 당신은 거짓말하는 사람이 아니네요.<br>행상인 씨.	Remove double-topic construction `당신은 ... 사람은`.	23/6	23/6
1559	event100.tbl#090	JRY	NATURAL_KO	いいや、そうはいかん。<br>何かお詫びをせんとのォ。	No, no. That won't do.<br>I have to make amends.	아니, 그럴 순 없지.<br>뭔가 사과를 해야겠군.	아니, 그럴 순 없지.<br>사과의 뜻으로 뭔가 해야겠군.	`お詫びをせんと` means he should do something by way of apology/amends.	12/12	12/16
1702	event105.tbl#008	KKS	BROKEN_SENTENCE	ええ、了解です…が。	You got it... But.	네, 알겠습니다… 만.	네, 알겠습니다… 다만.	Repair separated particle `알겠습니다… 만.` into a natural contrast lead-in.	12	13
1803	event109.tbl#022	ORC	SEMANTIC_NUANCE	地に這いつくばる今の姿…。<br>お似合いですよ…ククク！	The way you grovel in the dirt like this...<br>It suits you... Heh-heh-heh!	땅바닥에 쓰러진 지금 그 모습…<br>아주 잘 어울리는군요… 크크크!	땅바닥을 기는 지금 그 모습…<br>아주 잘 어울리는군요… 크크크!	`地に這いつくばる` is groveling/crawling on the ground, not merely lying down.	17/17	16/17
1949	event112.tbl#095	ORC	IDIOM	図に乗るなァ！！	Don't push your luck!	주제 넘는 짓을!!	잘난 척하지 마라!!	`図に乗るな` means 'don't get cocky', not the incomplete `주제 넘는 짓을`.	10	11
1955	event112.tbl#101	ORC	GRAMMAR	いずれ木ノ葉は…じっくり潰してあげるわ…。<br>必ずね…。	I WILL destroy<br>the Hidden Leaf Village... and soon...	언젠가 나뭇잎 마을은… 천천히<br>무너뜨려 주지… 반드시…	언젠가 나뭇잎 마을도… 천천히<br>무너뜨려 주지… 반드시…	Repair topic marker that made `나뭇잎 마을은` hang unnaturally.	16/13	16/13
1962	event112.tbl#108	JRY	TERM_ORDER	恐らく無幻城の口寄せの札を<br>全てはぐことに成功したんだろう。	They must have succeeded in removing all the <br>Summoning Seals of the Mugenjo.	아마도 무환성 소환의 부적을<br>전부 떼어내는 데에 성공한 모양이야.	아마 무환성의 소환 부적을<br>전부 떼어내는 데 성공한 모양이야.	Repair `무환성 소환의 부적` to natural `무환성의 소환 부적`.	15/20	14/19
