iso_path	source_sha256	final_sha256	match
PSP_GAME/USRDIR/movie/da101.pmf	d7b09794e9fb739f8e254d122184763ed54307910c22944987a3172d1bf587ac	d7b09794e9fb739f8e254d122184763ed54307910c22944987a3172d1bf587ac	YES
PSP_GAME/USRDIR/movie/da102.pmf	bc484879494a63f95225cb6aab07b1fce2072407a99a0361b8dee9a5f0c47ee4	bc484879494a63f95225cb6aab07b1fce2072407a99a0361b8dee9a5f0c47ee4	YES
PSP_GAME/USRDIR/movie/da103.pmf	b14cffe29bf47a8c2bc5aec0957bb59bd36e03badafaff0087589716b5a8b20b	b14cffe29bf47a8c2bc5aec0957bb59bd36e03badafaff0087589716b5a8b20b	YES
PSP_GAME/USRDIR/movie/da201.pmf	990cdc029fb5d0a86223c5c4ad7a58047bd9e6cf83b9ddaea75e181822cadd96	990cdc029fb5d0a86223c5c4ad7a58047bd9e6cf83b9ddaea75e181822cadd96	YES
PSP_GAME/USRDIR/movie/dk101.pmf	62ed8ade5c0a2941cfde268b5922da482985567e31e88a2cf3d99fecd87e2d75	62ed8ade5c0a2941cfde268b5922da482985567e31e88a2cf3d99fecd87e2d75	YES
PSP_GAME/USRDIR/movie/dk102.pmf	a7762f5787639ade7c926d404b8c525bc0c2d2e6c7626a565227a780a7753f0f	a7762f5787639ade7c926d404b8c525bc0c2d2e6c7626a565227a780a7753f0f	YES
PSP_GAME/USRDIR/movie/dk103.pmf	59e8673eabad77693733ebb8be5644a07e525900fb161ffaaed1fb5220771a85	59e8673eabad77693733ebb8be5644a07e525900fb161ffaaed1fb5220771a85	YES
PSP_GAME/USRDIR/movie/dk104.pmf	0ed3093a32c19fa2d4a486a5edfc94fead7e22e776b4232b01779c9257875faa	0ed3093a32c19fa2d4a486a5edfc94fead7e22e776b4232b01779c9257875faa	YES
PSP_GAME/USRDIR/movie/dk201.pmf	236684162f0f14a231cbb32f44dc47107b2e096863e9f4226ad59803fa5f2759	236684162f0f14a231cbb32f44dc47107b2e096863e9f4226ad59803fa5f2759	YES
PSP_GAME/USRDIR/movie/dk202.pmf	1469881bf233e5e78ce14fbb9aca45fbe2a2424e8ea702e1722b9e4706b3cb09	1469881bf233e5e78ce14fbb9aca45fbe2a2424e8ea702e1722b9e4706b3cb09	YES
PSP_GAME/USRDIR/movie/dk203.pmf	e678d23002b55589b5eec29365d7ffce68f42280a8d5b9ee7815b704d11dc6f9	e678d23002b55589b5eec29365d7ffce68f42280a8d5b9ee7815b704d11dc6f9	YES
PSP_GAME/USRDIR/movie/dm001.pmf	4bd78b1c0e231a0150c1a4e60083fb4c9a38ebbd195730e364a3ce6d717e9616	4bd78b1c0e231a0150c1a4e60083fb4c9a38ebbd195730e364a3ce6d717e9616	YES
PSP_GAME/USRDIR/movie/dm002.pmf	60f1382f05479fb0d3a0b2b9a7eba7032e7e03145d6c72e8cd2610dd2b87c8b1	60f1382f05479fb0d3a0b2b9a7eba7032e7e03145d6c72e8cd2610dd2b87c8b1	YES
PSP_GAME/USRDIR/movie/dm003.pmf	298d35a099cbb14fe9660fb002922590664ef4fe41c9198d84e2c268114ebeba	298d35a099cbb14fe9660fb002922590664ef4fe41c9198d84e2c268114ebeba	YES
PSP_GAME/USRDIR/movie/dm004.pmf	83d032d20896e1ee0566a526eb7e12cda32fda6880bcf9c1bd5d8a9bf37a636c	83d032d20896e1ee0566a526eb7e12cda32fda6880bcf9c1bd5d8a9bf37a636c	YES
PSP_GAME/USRDIR/movie/dm005.pmf	f7f27b70ae9dcbeee9403e7f7a5799565f95a8bf64d6a8747e6dfe6d12de3ee7	f7f27b70ae9dcbeee9403e7f7a5799565f95a8bf64d6a8747e6dfe6d12de3ee7	YES
PSP_GAME/USRDIR/movie/dm006.pmf	1b768b8c9fdbffdaaefe19158800a63189954b510219ca822eb6d971cad65e22	1b768b8c9fdbffdaaefe19158800a63189954b510219ca822eb6d971cad65e22	YES
PSP_GAME/USRDIR/movie/dm007.pmf	c1cc01b5fe6ed1d2e2e4cac2f96ecdb6d5712f0d3ef50f5ed8e1d0cc4e8ad312	c1cc01b5fe6ed1d2e2e4cac2f96ecdb6d5712f0d3ef50f5ed8e1d0cc4e8ad312	YES
PSP_GAME/USRDIR/movie/dm008.pmf	6a4b67e7d5ad5e35a0773dcb76e1e2f47f782fb807ea2cb167d5263e6b5a098a	6a4b67e7d5ad5e35a0773dcb76e1e2f47f782fb807ea2cb167d5263e6b5a098a	YES
PSP_GAME/USRDIR/movie/dm009.pmf	a2543d9e6e4a917629f958ffdfceeb1ad73f0648492469776286e648c29d3bff	a2543d9e6e4a917629f958ffdfceeb1ad73f0648492469776286e648c29d3bff	YES
PSP_GAME/USRDIR/movie/dm010.pmf	1595b03e0620d8c279950d0559f4a0c8c512a8eaea50fc0aa770a7323acff6c2	1595b03e0620d8c279950d0559f4a0c8c512a8eaea50fc0aa770a7323acff6c2	YES
PSP_GAME/USRDIR/movie/logo_a.pmf	ba39a90fddeb170df1b66634346f28616082b6def8319d9f88b55592774fb957	ba39a90fddeb170df1b66634346f28616082b6def8319d9f88b55592774fb957	YES
PSP_GAME/USRDIR/movie/logo_b.pmf	5e0cfa5fc58cff5c6195d40139adde964d12c394e83c1bfb28d754d8882aab00	5e0cfa5fc58cff5c6195d40139adde964d12c394e83c1bfb28d754d8882aab00	YES
PSP_GAME/USRDIR/movie/logo_c.pmf	d2fb3693355cac751a299a33a0bb37e6ca1c6d079559ba3e1621b574670c0b9d	d2fb3693355cac751a299a33a0bb37e6ca1c6d079559ba3e1621b574670c0b9d	YES
